-- phpMyAdmin SQL Dump
-- version 4.9.7
-- https://www.phpmyadmin.net/
--
-- Host: 127.0.0.1:8889
-- Generation Time: Nov 04, 2021 at 11:05 AM
-- Server version: 5.7.32
-- PHP Version: 8.0.0

SET SQL_MODE = "NO_AUTO_VALUE_ON_ZERO";
SET time_zone = "+00:00";

--
-- Database: `delivery_app`
--

-- --------------------------------------------------------

--
-- Table structure for table `comments`
--

CREATE TABLE `comments` (
  `id` bigint(20) UNSIGNED NOT NULL,
  `order_id` bigint(20) UNSIGNED NOT NULL,
  `user_id` bigint(20) UNSIGNED NOT NULL,
  `message` varchar(191) COLLATE utf8mb4_unicode_ci NOT NULL,
  `status` varchar(191) COLLATE utf8mb4_unicode_ci NOT NULL,
  `created_at` timestamp NULL DEFAULT NULL,
  `updated_at` timestamp NULL DEFAULT NULL
) ENGINE=InnoDB DEFAULT CHARSET=utf8mb4 COLLATE=utf8mb4_unicode_ci;

-- --------------------------------------------------------

--
-- Table structure for table `contacts`
--

CREATE TABLE `contacts` (
  `id` bigint(20) UNSIGNED NOT NULL,
  `name` text COLLATE utf8mb4_unicode_ci,
  `email` varchar(191) COLLATE utf8mb4_unicode_ci DEFAULT NULL,
  `phone_number` varchar(191) COLLATE utf8mb4_unicode_ci DEFAULT NULL,
  `subject` varchar(191) COLLATE utf8mb4_unicode_ci DEFAULT NULL,
  `message` text COLLATE utf8mb4_unicode_ci,
  `created_at` timestamp NULL DEFAULT NULL,
  `updated_at` timestamp NULL DEFAULT NULL
) ENGINE=InnoDB DEFAULT CHARSET=utf8mb4 COLLATE=utf8mb4_unicode_ci;

-- --------------------------------------------------------

--
-- Table structure for table `csv_data`
--

CREATE TABLE `csv_data` (
  `id` bigint(20) UNSIGNED NOT NULL,
  `csv_filename` varchar(191) COLLATE utf8mb4_unicode_ci NOT NULL,
  `csv_header` tinyint(1) NOT NULL DEFAULT '0',
  `csv_data` json NOT NULL,
  `created_at` timestamp NULL DEFAULT NULL,
  `updated_at` timestamp NULL DEFAULT NULL
) ENGINE=InnoDB DEFAULT CHARSET=utf8mb4 COLLATE=utf8mb4_unicode_ci;

--
-- Dumping data for table `csv_data`
--

INSERT INTO `csv_data` (`id`, `csv_filename`, `csv_header`, `csv_data`, `created_at`, `updated_at`) VALUES
(1, 'exportorder.csv', 0, '[[\"1\", \"1\", \"3\", \"5\", \"1\", \"5\", \"1\", \"Hicham\", \"Tanger\", \"4247945762\", \"Produit Physique\", \"3\", \"1\", \"\", \"\", \"\", \"\", \"100\", \"2021-10-22T09:33:31.000000Z\", \"2021-10-22T22:04:14.000000Z\"], [\"2\", \"1\", \"3\", \"5\", \"1\", \"5\", \"2\", \"Hicham\", \"Tanger\", \"7736835845\", \"Produit Physique\", \"2\", \"1\", \"\", \"\", \"\", \"\", \"22\", \"2021-10-22T09:33:31.000000Z\", \"2021-10-22T18:29:17.000000Z\"], [\"3\", \"1\", \"3\", \"5\", \"1\", \"5\", \"3\", \"Hicham\", \"Tanger\", \"6606451402\", \"Produit Physique\", \"8\", \"\", \"\", \"\", \"\", \"\", \"100\", \"2021-10-22T09:33:31.000000Z\", \"\"], [\"4\", \"1\", \"3\", \"5\", \"1\", \"5\", \"4\", \"Hicham\", \"Tanger\", \"1699927893\", \"Produit Physique\", \"5\", \"\", \"\", \"\", \"\", \"\", \"100\", \"2021-10-22T09:33:31.000000Z\", \"\"], [\"5\", \"1\", \"3\", \"5\", \"1\", \"5\", \"5\", \"Hicham\", \"Tanger\", \"9235253044\", \"Produit Physique 52\", \"5\", \"\", \"\", \"\", \"\", \"\", \"100\", \"2021-10-22T09:33:31.000000Z\", \"\"], [\"6\", \"1\", \"3\", \"1\", \"1\", \"5\", \"6\", \"Hicham\", \"Tanger\", \"7200458591\", \"Produit Physique 29\", \"5\", \"\", \"\", \"\", \"\", \"\", \"100\", \"2021-10-22T09:33:31.000000Z\", \"\"], [\"7\", \"1\", \"1\", \"1\", \"1\", \"5\", \"7\", \"Hicham\", \"Tanger\", \"4296680953\", \"Produit Physique 43\", \"3\", \"\", \"\", \"\", \"\", \"\", \"100\", \"2021-10-22T09:33:31.000000Z\", \"2021-10-22T22:04:14.000000Z\"], [\"8\", \"1\", \"1\", \"1\", \"1\", \"5\", \"8\", \"Hicham\", \"Tanger\", \"4692040568\", \"Produit Physique 43\", \"3\", \"\", \"\", \"\", \"\", \"\", \"99\", \"2021-10-22T09:33:31.000000Z\", \"2021-10-22T22:04:14.000000Z\"], [\"9\", \"1\", \"1\", \"1\", \"1\", \"5\", \"9\", \"Hicham\", \"Tanger\", \"1236487775\", \"Produit Physique 11\", \"6\", \"\", \"\", \"\", \"\", \"\", \"100\", \"2021-10-22T09:33:31.000000Z\", \"2021-10-22T23:42:24.000000Z\"], [\"10\", \"1\", \"1\", \"1\", \"1\", \"5\", \"10\", \"Hicham\", \"Tanger\", \"7265848726\", \"Produit Physique 22\", \"3\", \"\", \"\", \"\", \"\", \"\", \"720\", \"2021-10-22T09:33:31.000000Z\", \"2021-10-22T22:04:14.000000Z\"], [\"11\", \"1\", \"1\", \"1\", \"1\", \"5\", \"11\", \"Hicham\", \"Tanger\", \"6196804144\", \"Produit Physique 33\", \"3\", \"\", \"\", \"\", \"\", \"\", \"100\", \"2021-10-22T09:33:31.000000Z\", \"2021-10-22T22:04:14.000000Z\"], [\"12\", \"1\", \"1\", \"1\", \"1\", \"5\", \"12\", \"Hicham\", \"Tanger\", \"3182321238\", \"Produit Physique 55\", \"2\", \"\", \"\", \"\", \"\", \"\", \"320\", \"2021-10-22T09:33:31.000000Z\", \"2021-10-24T10:09:17.000000Z\"], [\"68\", \"1\", \"3\", \"\", \"\", \"1\", \"21102344989405\", \"okokok\", \"pkokko\", \"0000000000\", \"okokok\", \"\", \"\", \"\", \"\", \"\", \"\", \"0\", \"2021-10-23T16:57:09.000000Z\", \"2021-10-23T16:57:09.000000Z\"], [\"69\", \"1\", \"3\", \"\", \"\", \"1\", \"2110234498\", \"okokokok\", \"okokoko\", \"0000000000\", \"okokok\", \"\", \"\", \"\", \"\", \"\", \"\", \"0\", \"2021-10-23T16:57:42.000000Z\", \"2021-10-24T10:07:11.000000Z\"], [\"70\", \"1\", \"3\", \"\", \"\", \"1\", \"21102321415243\", \"fokofkok\", \"okoko\", \"0000000\", \"okok\", \"3\", \"\", \"\", \"\", \"\", \"\", \"999\", \"2021-10-23T17:01:56.000000Z\", \"2021-10-24T10:06:57.000000Z\"]]', '2021-10-24 11:09:22', '2021-10-24 11:09:22'),
(2, 'exportorder.csv', 0, '[[\"1\", \"1\", \"3\", \"5\", \"1\", \"5\", \"1\", \"Hicham\", \"Tanger\", \"4247945762\", \"Produit Physique\", \"3\", \"1\", \"\", \"\", \"\", \"\", \"100\", \"2021-10-22T09:33:31.000000Z\", \"2021-10-22T22:04:14.000000Z\"], [\"2\", \"1\", \"3\", \"5\", \"1\", \"5\", \"2\", \"Hicham\", \"Tanger\", \"7736835845\", \"Produit Physique\", \"2\", \"1\", \"\", \"\", \"\", \"\", \"22\", \"2021-10-22T09:33:31.000000Z\", \"2021-10-22T18:29:17.000000Z\"], [\"3\", \"1\", \"3\", \"5\", \"1\", \"5\", \"3\", \"Hicham\", \"Tanger\", \"6606451402\", \"Produit Physique\", \"8\", \"\", \"\", \"\", \"\", \"\", \"100\", \"2021-10-22T09:33:31.000000Z\", \"\"], [\"4\", \"1\", \"3\", \"5\", \"1\", \"5\", \"4\", \"Hicham\", \"Tanger\", \"1699927893\", \"Produit Physique\", \"5\", \"\", \"\", \"\", \"\", \"\", \"100\", \"2021-10-22T09:33:31.000000Z\", \"\"], [\"5\", \"1\", \"3\", \"5\", \"1\", \"5\", \"5\", \"Hicham\", \"Tanger\", \"9235253044\", \"Produit Physique 52\", \"5\", \"\", \"\", \"\", \"\", \"\", \"100\", \"2021-10-22T09:33:31.000000Z\", \"\"], [\"6\", \"1\", \"3\", \"1\", \"1\", \"5\", \"6\", \"Hicham\", \"Tanger\", \"7200458591\", \"Produit Physique 29\", \"5\", \"\", \"\", \"\", \"\", \"\", \"100\", \"2021-10-22T09:33:31.000000Z\", \"\"], [\"7\", \"1\", \"1\", \"1\", \"1\", \"5\", \"7\", \"Hicham\", \"Tanger\", \"4296680953\", \"Produit Physique 43\", \"3\", \"\", \"\", \"\", \"\", \"\", \"100\", \"2021-10-22T09:33:31.000000Z\", \"2021-10-22T22:04:14.000000Z\"], [\"8\", \"1\", \"1\", \"1\", \"1\", \"5\", \"8\", \"Hicham\", \"Tanger\", \"4692040568\", \"Produit Physique 43\", \"3\", \"\", \"\", \"\", \"\", \"\", \"99\", \"2021-10-22T09:33:31.000000Z\", \"2021-10-22T22:04:14.000000Z\"], [\"9\", \"1\", \"1\", \"1\", \"1\", \"5\", \"9\", \"Hicham\", \"Tanger\", \"1236487775\", \"Produit Physique 11\", \"6\", \"\", \"\", \"\", \"\", \"\", \"100\", \"2021-10-22T09:33:31.000000Z\", \"2021-10-22T23:42:24.000000Z\"], [\"10\", \"1\", \"1\", \"1\", \"1\", \"5\", \"10\", \"Hicham\", \"Tanger\", \"7265848726\", \"Produit Physique 22\", \"3\", \"\", \"\", \"\", \"\", \"\", \"720\", \"2021-10-22T09:33:31.000000Z\", \"2021-10-22T22:04:14.000000Z\"], [\"11\", \"1\", \"1\", \"1\", \"1\", \"5\", \"11\", \"Hicham\", \"Tanger\", \"6196804144\", \"Produit Physique 33\", \"3\", \"\", \"\", \"\", \"\", \"\", \"100\", \"2021-10-22T09:33:31.000000Z\", \"2021-10-22T22:04:14.000000Z\"], [\"12\", \"1\", \"1\", \"1\", \"1\", \"5\", \"12\", \"Hicham\", \"Tanger\", \"3182321238\", \"Produit Physique 55\", \"2\", \"\", \"\", \"\", \"\", \"\", \"320\", \"2021-10-22T09:33:31.000000Z\", \"2021-10-24T10:09:17.000000Z\"], [\"68\", \"1\", \"3\", \"\", \"\", \"1\", \"21102344989405\", \"okokok\", \"pkokko\", \"0000000000\", \"okokok\", \"\", \"\", \"\", \"\", \"\", \"\", \"0\", \"2021-10-23T16:57:09.000000Z\", \"2021-10-23T16:57:09.000000Z\"], [\"69\", \"1\", \"3\", \"\", \"\", \"1\", \"2110234498\", \"okokokok\", \"okokoko\", \"0000000000\", \"okokok\", \"\", \"\", \"\", \"\", \"\", \"\", \"0\", \"2021-10-23T16:57:42.000000Z\", \"2021-10-24T10:07:11.000000Z\"], [\"70\", \"1\", \"3\", \"\", \"\", \"1\", \"21102321415243\", \"fokofkok\", \"okoko\", \"0000000\", \"okok\", \"3\", \"\", \"\", \"\", \"\", \"\", \"999\", \"2021-10-23T17:01:56.000000Z\", \"2021-10-24T10:06:57.000000Z\"]]', '2021-10-24 11:10:32', '2021-10-24 11:10:32'),
(3, 'exportorder.csv', 0, '[[\"1\", \"1\", \"3\", \"5\", \"1\", \"5\", \"1\", \"Hicham\", \"Tanger\", \"4247945762\", \"Produit Physique\", \"3\", \"1\", \"\", \"\", \"\", \"\", \"100\", \"2021-10-22T09:33:31.000000Z\", \"2021-10-22T22:04:14.000000Z\"], [\"2\", \"1\", \"3\", \"5\", \"1\", \"5\", \"2\", \"Hicham\", \"Tanger\", \"7736835845\", \"Produit Physique\", \"2\", \"1\", \"\", \"\", \"\", \"\", \"22\", \"2021-10-22T09:33:31.000000Z\", \"2021-10-22T18:29:17.000000Z\"], [\"3\", \"1\", \"3\", \"5\", \"1\", \"5\", \"3\", \"Hicham\", \"Tanger\", \"6606451402\", \"Produit Physique\", \"8\", \"\", \"\", \"\", \"\", \"\", \"100\", \"2021-10-22T09:33:31.000000Z\", \"\"], [\"4\", \"1\", \"3\", \"5\", \"1\", \"5\", \"4\", \"Hicham\", \"Tanger\", \"1699927893\", \"Produit Physique\", \"5\", \"\", \"\", \"\", \"\", \"\", \"100\", \"2021-10-22T09:33:31.000000Z\", \"\"], [\"5\", \"1\", \"3\", \"5\", \"1\", \"5\", \"5\", \"Hicham\", \"Tanger\", \"9235253044\", \"Produit Physique 52\", \"5\", \"\", \"\", \"\", \"\", \"\", \"100\", \"2021-10-22T09:33:31.000000Z\", \"\"], [\"6\", \"1\", \"3\", \"1\", \"1\", \"5\", \"6\", \"Hicham\", \"Tanger\", \"7200458591\", \"Produit Physique 29\", \"5\", \"\", \"\", \"\", \"\", \"\", \"100\", \"2021-10-22T09:33:31.000000Z\", \"\"], [\"7\", \"1\", \"1\", \"1\", \"1\", \"5\", \"7\", \"Hicham\", \"Tanger\", \"4296680953\", \"Produit Physique 43\", \"3\", \"\", \"\", \"\", \"\", \"\", \"100\", \"2021-10-22T09:33:31.000000Z\", \"2021-10-22T22:04:14.000000Z\"], [\"8\", \"1\", \"1\", \"1\", \"1\", \"5\", \"8\", \"Hicham\", \"Tanger\", \"4692040568\", \"Produit Physique 43\", \"3\", \"\", \"\", \"\", \"\", \"\", \"99\", \"2021-10-22T09:33:31.000000Z\", \"2021-10-22T22:04:14.000000Z\"], [\"9\", \"1\", \"1\", \"1\", \"1\", \"5\", \"9\", \"Hicham\", \"Tanger\", \"1236487775\", \"Produit Physique 11\", \"6\", \"\", \"\", \"\", \"\", \"\", \"100\", \"2021-10-22T09:33:31.000000Z\", \"2021-10-22T23:42:24.000000Z\"], [\"10\", \"1\", \"1\", \"1\", \"1\", \"5\", \"10\", \"Hicham\", \"Tanger\", \"7265848726\", \"Produit Physique 22\", \"3\", \"\", \"\", \"\", \"\", \"\", \"720\", \"2021-10-22T09:33:31.000000Z\", \"2021-10-22T22:04:14.000000Z\"], [\"11\", \"1\", \"1\", \"1\", \"1\", \"5\", \"11\", \"Hicham\", \"Tanger\", \"6196804144\", \"Produit Physique 33\", \"3\", \"\", \"\", \"\", \"\", \"\", \"100\", \"2021-10-22T09:33:31.000000Z\", \"2021-10-22T22:04:14.000000Z\"], [\"12\", \"1\", \"1\", \"1\", \"1\", \"5\", \"12\", \"Hicham\", \"Tanger\", \"3182321238\", \"Produit Physique 55\", \"2\", \"\", \"\", \"\", \"\", \"\", \"320\", \"2021-10-22T09:33:31.000000Z\", \"2021-10-24T10:09:17.000000Z\"], [\"68\", \"1\", \"3\", \"\", \"\", \"1\", \"21102344989405\", \"okokok\", \"pkokko\", \"0000000000\", \"okokok\", \"\", \"\", \"\", \"\", \"\", \"\", \"0\", \"2021-10-23T16:57:09.000000Z\", \"2021-10-23T16:57:09.000000Z\"], [\"69\", \"1\", \"3\", \"\", \"\", \"1\", \"2110234498\", \"okokokok\", \"okokoko\", \"0000000000\", \"okokok\", \"\", \"\", \"\", \"\", \"\", \"\", \"0\", \"2021-10-23T16:57:42.000000Z\", \"2021-10-24T10:07:11.000000Z\"], [\"70\", \"1\", \"3\", \"\", \"\", \"1\", \"21102321415243\", \"fokofkok\", \"okoko\", \"0000000\", \"okok\", \"3\", \"\", \"\", \"\", \"\", \"\", \"999\", \"2021-10-23T17:01:56.000000Z\", \"2021-10-24T10:06:57.000000Z\"]]', '2021-10-24 11:10:49', '2021-10-24 11:10:49'),
(4, 'exportorder.csv', 0, '[[\"1\", \"1\", \"3\", \"5\", \"1\", \"5\", \"1\", \"Hicham\", \"Tanger\", \"4247945762\", \"Produit Physique\", \"3\", \"1\", \"\", \"\", \"\", \"\", \"100\", \"2021-10-22T09:33:31.000000Z\", \"2021-10-22T22:04:14.000000Z\"], [\"2\", \"1\", \"3\", \"5\", \"1\", \"5\", \"2\", \"Hicham\", \"Tanger\", \"7736835845\", \"Produit Physique\", \"2\", \"1\", \"\", \"\", \"\", \"\", \"22\", \"2021-10-22T09:33:31.000000Z\", \"2021-10-22T18:29:17.000000Z\"], [\"3\", \"1\", \"3\", \"5\", \"1\", \"5\", \"3\", \"Hicham\", \"Tanger\", \"6606451402\", \"Produit Physique\", \"8\", \"\", \"\", \"\", \"\", \"\", \"100\", \"2021-10-22T09:33:31.000000Z\", \"\"], [\"4\", \"1\", \"3\", \"5\", \"1\", \"5\", \"4\", \"Hicham\", \"Tanger\", \"1699927893\", \"Produit Physique\", \"5\", \"\", \"\", \"\", \"\", \"\", \"100\", \"2021-10-22T09:33:31.000000Z\", \"\"], [\"5\", \"1\", \"3\", \"5\", \"1\", \"5\", \"5\", \"Hicham\", \"Tanger\", \"9235253044\", \"Produit Physique 52\", \"5\", \"\", \"\", \"\", \"\", \"\", \"100\", \"2021-10-22T09:33:31.000000Z\", \"\"], [\"6\", \"1\", \"3\", \"1\", \"1\", \"5\", \"6\", \"Hicham\", \"Tanger\", \"7200458591\", \"Produit Physique 29\", \"5\", \"\", \"\", \"\", \"\", \"\", \"100\", \"2021-10-22T09:33:31.000000Z\", \"\"], [\"7\", \"1\", \"1\", \"1\", \"1\", \"5\", \"7\", \"Hicham\", \"Tanger\", \"4296680953\", \"Produit Physique 43\", \"3\", \"\", \"\", \"\", \"\", \"\", \"100\", \"2021-10-22T09:33:31.000000Z\", \"2021-10-22T22:04:14.000000Z\"], [\"8\", \"1\", \"1\", \"1\", \"1\", \"5\", \"8\", \"Hicham\", \"Tanger\", \"4692040568\", \"Produit Physique 43\", \"3\", \"\", \"\", \"\", \"\", \"\", \"99\", \"2021-10-22T09:33:31.000000Z\", \"2021-10-22T22:04:14.000000Z\"], [\"9\", \"1\", \"1\", \"1\", \"1\", \"5\", \"9\", \"Hicham\", \"Tanger\", \"1236487775\", \"Produit Physique 11\", \"6\", \"\", \"\", \"\", \"\", \"\", \"100\", \"2021-10-22T09:33:31.000000Z\", \"2021-10-22T23:42:24.000000Z\"], [\"10\", \"1\", \"1\", \"1\", \"1\", \"5\", \"10\", \"Hicham\", \"Tanger\", \"7265848726\", \"Produit Physique 22\", \"3\", \"\", \"\", \"\", \"\", \"\", \"720\", \"2021-10-22T09:33:31.000000Z\", \"2021-10-22T22:04:14.000000Z\"], [\"11\", \"1\", \"1\", \"1\", \"1\", \"5\", \"11\", \"Hicham\", \"Tanger\", \"6196804144\", \"Produit Physique 33\", \"3\", \"\", \"\", \"\", \"\", \"\", \"100\", \"2021-10-22T09:33:31.000000Z\", \"2021-10-22T22:04:14.000000Z\"], [\"12\", \"1\", \"1\", \"1\", \"1\", \"5\", \"12\", \"Hicham\", \"Tanger\", \"3182321238\", \"Produit Physique 55\", \"2\", \"\", \"\", \"\", \"\", \"\", \"320\", \"2021-10-22T09:33:31.000000Z\", \"2021-10-24T10:09:17.000000Z\"], [\"68\", \"1\", \"3\", \"\", \"\", \"1\", \"21102344989405\", \"okokok\", \"pkokko\", \"0000000000\", \"okokok\", \"\", \"\", \"\", \"\", \"\", \"\", \"0\", \"2021-10-23T16:57:09.000000Z\", \"2021-10-23T16:57:09.000000Z\"], [\"69\", \"1\", \"3\", \"\", \"\", \"1\", \"2110234498\", \"okokokok\", \"okokoko\", \"0000000000\", \"okokok\", \"\", \"\", \"\", \"\", \"\", \"\", \"0\", \"2021-10-23T16:57:42.000000Z\", \"2021-10-24T10:07:11.000000Z\"], [\"70\", \"1\", \"3\", \"\", \"\", \"1\", \"21102321415243\", \"fokofkok\", \"okoko\", \"0000000\", \"okok\", \"3\", \"\", \"\", \"\", \"\", \"\", \"999\", \"2021-10-23T17:01:56.000000Z\", \"2021-10-24T10:06:57.000000Z\"]]', '2021-10-24 11:13:34', '2021-10-24 11:13:34'),
(5, 'exportorder.csv', 0, '[[\"1\", \"1\", \"3\", \"5\", \"1\", \"5\", \"1\", \"Hicham\", \"Tanger\", \"4247945762\", \"Produit Physique\", \"3\", \"1\", \"\", \"\", \"\", \"\", \"100\", \"2021-10-22T09:33:31.000000Z\", \"2021-10-22T22:04:14.000000Z\"], [\"2\", \"1\", \"3\", \"5\", \"1\", \"5\", \"2\", \"Hicham\", \"Tanger\", \"7736835845\", \"Produit Physique\", \"2\", \"1\", \"\", \"\", \"\", \"\", \"22\", \"2021-10-22T09:33:31.000000Z\", \"2021-10-22T18:29:17.000000Z\"], [\"3\", \"1\", \"3\", \"5\", \"1\", \"5\", \"3\", \"Hicham\", \"Tanger\", \"6606451402\", \"Produit Physique\", \"8\", \"\", \"\", \"\", \"\", \"\", \"100\", \"2021-10-22T09:33:31.000000Z\", \"\"], [\"4\", \"1\", \"3\", \"5\", \"1\", \"5\", \"4\", \"Hicham\", \"Tanger\", \"1699927893\", \"Produit Physique\", \"5\", \"\", \"\", \"\", \"\", \"\", \"100\", \"2021-10-22T09:33:31.000000Z\", \"\"], [\"5\", \"1\", \"3\", \"5\", \"1\", \"5\", \"5\", \"Hicham\", \"Tanger\", \"9235253044\", \"Produit Physique 52\", \"5\", \"\", \"\", \"\", \"\", \"\", \"100\", \"2021-10-22T09:33:31.000000Z\", \"\"], [\"6\", \"1\", \"3\", \"1\", \"1\", \"5\", \"6\", \"Hicham\", \"Tanger\", \"7200458591\", \"Produit Physique 29\", \"5\", \"\", \"\", \"\", \"\", \"\", \"100\", \"2021-10-22T09:33:31.000000Z\", \"\"], [\"7\", \"1\", \"1\", \"1\", \"1\", \"5\", \"7\", \"Hicham\", \"Tanger\", \"4296680953\", \"Produit Physique 43\", \"3\", \"\", \"\", \"\", \"\", \"\", \"100\", \"2021-10-22T09:33:31.000000Z\", \"2021-10-22T22:04:14.000000Z\"], [\"8\", \"1\", \"1\", \"1\", \"1\", \"5\", \"8\", \"Hicham\", \"Tanger\", \"4692040568\", \"Produit Physique 43\", \"3\", \"\", \"\", \"\", \"\", \"\", \"99\", \"2021-10-22T09:33:31.000000Z\", \"2021-10-22T22:04:14.000000Z\"], [\"9\", \"1\", \"1\", \"1\", \"1\", \"5\", \"9\", \"Hicham\", \"Tanger\", \"1236487775\", \"Produit Physique 11\", \"6\", \"\", \"\", \"\", \"\", \"\", \"100\", \"2021-10-22T09:33:31.000000Z\", \"2021-10-22T23:42:24.000000Z\"], [\"10\", \"1\", \"1\", \"1\", \"1\", \"5\", \"10\", \"Hicham\", \"Tanger\", \"7265848726\", \"Produit Physique 22\", \"3\", \"\", \"\", \"\", \"\", \"\", \"720\", \"2021-10-22T09:33:31.000000Z\", \"2021-10-22T22:04:14.000000Z\"], [\"11\", \"1\", \"1\", \"1\", \"1\", \"5\", \"11\", \"Hicham\", \"Tanger\", \"6196804144\", \"Produit Physique 33\", \"3\", \"\", \"\", \"\", \"\", \"\", \"100\", \"2021-10-22T09:33:31.000000Z\", \"2021-10-22T22:04:14.000000Z\"], [\"12\", \"1\", \"1\", \"1\", \"1\", \"5\", \"12\", \"Hicham\", \"Tanger\", \"3182321238\", \"Produit Physique 55\", \"2\", \"\", \"\", \"\", \"\", \"\", \"320\", \"2021-10-22T09:33:31.000000Z\", \"2021-10-24T10:09:17.000000Z\"], [\"68\", \"1\", \"3\", \"\", \"\", \"1\", \"21102344989405\", \"okokok\", \"pkokko\", \"0000000000\", \"okokok\", \"\", \"\", \"\", \"\", \"\", \"\", \"0\", \"2021-10-23T16:57:09.000000Z\", \"2021-10-23T16:57:09.000000Z\"], [\"69\", \"1\", \"3\", \"\", \"\", \"1\", \"2110234498\", \"okokokok\", \"okokoko\", \"0000000000\", \"okokok\", \"\", \"\", \"\", \"\", \"\", \"\", \"0\", \"2021-10-23T16:57:42.000000Z\", \"2021-10-24T10:07:11.000000Z\"], [\"70\", \"1\", \"3\", \"\", \"\", \"1\", \"21102321415243\", \"fokofkok\", \"okoko\", \"0000000\", \"okok\", \"3\", \"\", \"\", \"\", \"\", \"\", \"999\", \"2021-10-23T17:01:56.000000Z\", \"2021-10-24T10:06:57.000000Z\"]]', '2021-10-24 11:14:25', '2021-10-24 11:14:25'),
(6, 'exportorder.csv', 0, '[[\"1\", \"1\", \"3\", \"5\", \"1\", \"5\", \"1\", \"Hicham\", \"Tanger\", \"4247945762\", \"Produit Physique\", \"3\", \"1\", \"\", \"\", \"\", \"\", \"100\", \"2021-10-22T09:33:31.000000Z\", \"2021-10-22T22:04:14.000000Z\"], [\"2\", \"1\", \"3\", \"5\", \"1\", \"5\", \"2\", \"Hicham\", \"Tanger\", \"7736835845\", \"Produit Physique\", \"2\", \"1\", \"\", \"\", \"\", \"\", \"22\", \"2021-10-22T09:33:31.000000Z\", \"2021-10-22T18:29:17.000000Z\"], [\"3\", \"1\", \"3\", \"5\", \"1\", \"5\", \"3\", \"Hicham\", \"Tanger\", \"6606451402\", \"Produit Physique\", \"8\", \"\", \"\", \"\", \"\", \"\", \"100\", \"2021-10-22T09:33:31.000000Z\", \"\"], [\"4\", \"1\", \"3\", \"5\", \"1\", \"5\", \"4\", \"Hicham\", \"Tanger\", \"1699927893\", \"Produit Physique\", \"5\", \"\", \"\", \"\", \"\", \"\", \"100\", \"2021-10-22T09:33:31.000000Z\", \"\"], [\"5\", \"1\", \"3\", \"5\", \"1\", \"5\", \"5\", \"Hicham\", \"Tanger\", \"9235253044\", \"Produit Physique 52\", \"5\", \"\", \"\", \"\", \"\", \"\", \"100\", \"2021-10-22T09:33:31.000000Z\", \"\"], [\"6\", \"1\", \"3\", \"1\", \"1\", \"5\", \"6\", \"Hicham\", \"Tanger\", \"7200458591\", \"Produit Physique 29\", \"5\", \"\", \"\", \"\", \"\", \"\", \"100\", \"2021-10-22T09:33:31.000000Z\", \"\"], [\"7\", \"1\", \"1\", \"1\", \"1\", \"5\", \"7\", \"Hicham\", \"Tanger\", \"4296680953\", \"Produit Physique 43\", \"3\", \"\", \"\", \"\", \"\", \"\", \"100\", \"2021-10-22T09:33:31.000000Z\", \"2021-10-22T22:04:14.000000Z\"], [\"8\", \"1\", \"1\", \"1\", \"1\", \"5\", \"8\", \"Hicham\", \"Tanger\", \"4692040568\", \"Produit Physique 43\", \"3\", \"\", \"\", \"\", \"\", \"\", \"99\", \"2021-10-22T09:33:31.000000Z\", \"2021-10-22T22:04:14.000000Z\"], [\"9\", \"1\", \"1\", \"1\", \"1\", \"5\", \"9\", \"Hicham\", \"Tanger\", \"1236487775\", \"Produit Physique 11\", \"6\", \"\", \"\", \"\", \"\", \"\", \"100\", \"2021-10-22T09:33:31.000000Z\", \"2021-10-22T23:42:24.000000Z\"], [\"10\", \"1\", \"1\", \"1\", \"1\", \"5\", \"10\", \"Hicham\", \"Tanger\", \"7265848726\", \"Produit Physique 22\", \"3\", \"\", \"\", \"\", \"\", \"\", \"720\", \"2021-10-22T09:33:31.000000Z\", \"2021-10-22T22:04:14.000000Z\"], [\"11\", \"1\", \"1\", \"1\", \"1\", \"5\", \"11\", \"Hicham\", \"Tanger\", \"6196804144\", \"Produit Physique 33\", \"3\", \"\", \"\", \"\", \"\", \"\", \"100\", \"2021-10-22T09:33:31.000000Z\", \"2021-10-22T22:04:14.000000Z\"], [\"12\", \"1\", \"1\", \"1\", \"1\", \"5\", \"12\", \"Hicham\", \"Tanger\", \"3182321238\", \"Produit Physique 55\", \"2\", \"\", \"\", \"\", \"\", \"\", \"320\", \"2021-10-22T09:33:31.000000Z\", \"2021-10-24T10:09:17.000000Z\"], [\"68\", \"1\", \"3\", \"\", \"\", \"1\", \"21102344989405\", \"okokok\", \"pkokko\", \"0000000000\", \"okokok\", \"\", \"\", \"\", \"\", \"\", \"\", \"0\", \"2021-10-23T16:57:09.000000Z\", \"2021-10-23T16:57:09.000000Z\"], [\"69\", \"1\", \"3\", \"\", \"\", \"1\", \"2110234498\", \"okokokok\", \"okokoko\", \"0000000000\", \"okokok\", \"\", \"\", \"\", \"\", \"\", \"\", \"0\", \"2021-10-23T16:57:42.000000Z\", \"2021-10-24T10:07:11.000000Z\"], [\"70\", \"1\", \"3\", \"\", \"\", \"1\", \"21102321415243\", \"fokofkok\", \"okoko\", \"0000000\", \"okok\", \"3\", \"\", \"\", \"\", \"\", \"\", \"999\", \"2021-10-23T17:01:56.000000Z\", \"2021-10-24T10:06:57.000000Z\"]]', '2021-10-24 11:14:53', '2021-10-24 11:14:53'),
(7, 'exportorder.csv', 0, '[[\"1\", \"1\", \"3\", \"5\", \"1\", \"5\", \"1\", \"Hicham\", \"Tanger\", \"4247945762\", \"Produit Physique\", \"3\", \"1\", \"\", \"\", \"\", \"\", \"100\", \"2021-10-22T09:33:31.000000Z\", \"2021-10-22T22:04:14.000000Z\"], [\"2\", \"1\", \"3\", \"5\", \"1\", \"5\", \"2\", \"Hicham\", \"Tanger\", \"7736835845\", \"Produit Physique\", \"2\", \"1\", \"\", \"\", \"\", \"\", \"22\", \"2021-10-22T09:33:31.000000Z\", \"2021-10-22T18:29:17.000000Z\"], [\"3\", \"1\", \"3\", \"5\", \"1\", \"5\", \"3\", \"Hicham\", \"Tanger\", \"6606451402\", \"Produit Physique\", \"8\", \"\", \"\", \"\", \"\", \"\", \"100\", \"2021-10-22T09:33:31.000000Z\", \"\"], [\"4\", \"1\", \"3\", \"5\", \"1\", \"5\", \"4\", \"Hicham\", \"Tanger\", \"1699927893\", \"Produit Physique\", \"5\", \"\", \"\", \"\", \"\", \"\", \"100\", \"2021-10-22T09:33:31.000000Z\", \"\"], [\"5\", \"1\", \"3\", \"5\", \"1\", \"5\", \"5\", \"Hicham\", \"Tanger\", \"9235253044\", \"Produit Physique 52\", \"5\", \"\", \"\", \"\", \"\", \"\", \"100\", \"2021-10-22T09:33:31.000000Z\", \"\"], [\"6\", \"1\", \"3\", \"1\", \"1\", \"5\", \"6\", \"Hicham\", \"Tanger\", \"7200458591\", \"Produit Physique 29\", \"5\", \"\", \"\", \"\", \"\", \"\", \"100\", \"2021-10-22T09:33:31.000000Z\", \"\"], [\"7\", \"1\", \"1\", \"1\", \"1\", \"5\", \"7\", \"Hicham\", \"Tanger\", \"4296680953\", \"Produit Physique 43\", \"3\", \"\", \"\", \"\", \"\", \"\", \"100\", \"2021-10-22T09:33:31.000000Z\", \"2021-10-22T22:04:14.000000Z\"], [\"8\", \"1\", \"1\", \"1\", \"1\", \"5\", \"8\", \"Hicham\", \"Tanger\", \"4692040568\", \"Produit Physique 43\", \"3\", \"\", \"\", \"\", \"\", \"\", \"99\", \"2021-10-22T09:33:31.000000Z\", \"2021-10-22T22:04:14.000000Z\"], [\"9\", \"1\", \"1\", \"1\", \"1\", \"5\", \"9\", \"Hicham\", \"Tanger\", \"1236487775\", \"Produit Physique 11\", \"6\", \"\", \"\", \"\", \"\", \"\", \"100\", \"2021-10-22T09:33:31.000000Z\", \"2021-10-22T23:42:24.000000Z\"], [\"10\", \"1\", \"1\", \"1\", \"1\", \"5\", \"10\", \"Hicham\", \"Tanger\", \"7265848726\", \"Produit Physique 22\", \"3\", \"\", \"\", \"\", \"\", \"\", \"720\", \"2021-10-22T09:33:31.000000Z\", \"2021-10-22T22:04:14.000000Z\"], [\"11\", \"1\", \"1\", \"1\", \"1\", \"5\", \"11\", \"Hicham\", \"Tanger\", \"6196804144\", \"Produit Physique 33\", \"3\", \"\", \"\", \"\", \"\", \"\", \"100\", \"2021-10-22T09:33:31.000000Z\", \"2021-10-22T22:04:14.000000Z\"], [\"12\", \"1\", \"1\", \"1\", \"1\", \"5\", \"12\", \"Hicham\", \"Tanger\", \"3182321238\", \"Produit Physique 55\", \"2\", \"\", \"\", \"\", \"\", \"\", \"320\", \"2021-10-22T09:33:31.000000Z\", \"2021-10-24T10:09:17.000000Z\"], [\"68\", \"1\", \"3\", \"\", \"\", \"1\", \"21102344989405\", \"okokok\", \"pkokko\", \"0000000000\", \"okokok\", \"\", \"\", \"\", \"\", \"\", \"\", \"0\", \"2021-10-23T16:57:09.000000Z\", \"2021-10-23T16:57:09.000000Z\"], [\"69\", \"1\", \"3\", \"\", \"\", \"1\", \"2110234498\", \"okokokok\", \"okokoko\", \"0000000000\", \"okokok\", \"\", \"\", \"\", \"\", \"\", \"\", \"0\", \"2021-10-23T16:57:42.000000Z\", \"2021-10-24T10:07:11.000000Z\"], [\"70\", \"1\", \"3\", \"\", \"\", \"1\", \"21102321415243\", \"fokofkok\", \"okoko\", \"0000000\", \"okok\", \"3\", \"\", \"\", \"\", \"\", \"\", \"999\", \"2021-10-23T17:01:56.000000Z\", \"2021-10-24T10:06:57.000000Z\"]]', '2021-10-24 11:18:26', '2021-10-24 11:18:26'),
(8, 'exportorder.csv', 0, '[[\"1\", \"1\", \"3\", \"5\", \"1\", \"5\", \"1\", \"Hicham\", \"Tanger\", \"4247945762\", \"Produit Physique\", \"3\", \"1\", \"\", \"\", \"\", \"\", \"100\", \"2021-10-22T09:33:31.000000Z\", \"2021-10-22T22:04:14.000000Z\"], [\"2\", \"1\", \"3\", \"5\", \"1\", \"5\", \"2\", \"Hicham\", \"Tanger\", \"7736835845\", \"Produit Physique\", \"2\", \"1\", \"\", \"\", \"\", \"\", \"22\", \"2021-10-22T09:33:31.000000Z\", \"2021-10-22T18:29:17.000000Z\"], [\"3\", \"1\", \"3\", \"5\", \"1\", \"5\", \"3\", \"Hicham\", \"Tanger\", \"6606451402\", \"Produit Physique\", \"8\", \"\", \"\", \"\", \"\", \"\", \"100\", \"2021-10-22T09:33:31.000000Z\", \"\"], [\"4\", \"1\", \"3\", \"5\", \"1\", \"5\", \"4\", \"Hicham\", \"Tanger\", \"1699927893\", \"Produit Physique\", \"5\", \"\", \"\", \"\", \"\", \"\", \"100\", \"2021-10-22T09:33:31.000000Z\", \"\"], [\"5\", \"1\", \"3\", \"5\", \"1\", \"5\", \"5\", \"Hicham\", \"Tanger\", \"9235253044\", \"Produit Physique 52\", \"5\", \"\", \"\", \"\", \"\", \"\", \"100\", \"2021-10-22T09:33:31.000000Z\", \"\"], [\"6\", \"1\", \"3\", \"1\", \"1\", \"5\", \"6\", \"Hicham\", \"Tanger\", \"7200458591\", \"Produit Physique 29\", \"5\", \"\", \"\", \"\", \"\", \"\", \"100\", \"2021-10-22T09:33:31.000000Z\", \"\"], [\"7\", \"1\", \"1\", \"1\", \"1\", \"5\", \"7\", \"Hicham\", \"Tanger\", \"4296680953\", \"Produit Physique 43\", \"3\", \"\", \"\", \"\", \"\", \"\", \"100\", \"2021-10-22T09:33:31.000000Z\", \"2021-10-22T22:04:14.000000Z\"], [\"8\", \"1\", \"1\", \"1\", \"1\", \"5\", \"8\", \"Hicham\", \"Tanger\", \"4692040568\", \"Produit Physique 43\", \"3\", \"\", \"\", \"\", \"\", \"\", \"99\", \"2021-10-22T09:33:31.000000Z\", \"2021-10-22T22:04:14.000000Z\"], [\"9\", \"1\", \"1\", \"1\", \"1\", \"5\", \"9\", \"Hicham\", \"Tanger\", \"1236487775\", \"Produit Physique 11\", \"6\", \"\", \"\", \"\", \"\", \"\", \"100\", \"2021-10-22T09:33:31.000000Z\", \"2021-10-22T23:42:24.000000Z\"], [\"10\", \"1\", \"1\", \"1\", \"1\", \"5\", \"10\", \"Hicham\", \"Tanger\", \"7265848726\", \"Produit Physique 22\", \"3\", \"\", \"\", \"\", \"\", \"\", \"720\", \"2021-10-22T09:33:31.000000Z\", \"2021-10-22T22:04:14.000000Z\"], [\"11\", \"1\", \"1\", \"1\", \"1\", \"5\", \"11\", \"Hicham\", \"Tanger\", \"6196804144\", \"Produit Physique 33\", \"3\", \"\", \"\", \"\", \"\", \"\", \"100\", \"2021-10-22T09:33:31.000000Z\", \"2021-10-22T22:04:14.000000Z\"], [\"12\", \"1\", \"1\", \"1\", \"1\", \"5\", \"12\", \"Hicham\", \"Tanger\", \"3182321238\", \"Produit Physique 55\", \"2\", \"\", \"\", \"\", \"\", \"\", \"320\", \"2021-10-22T09:33:31.000000Z\", \"2021-10-24T10:09:17.000000Z\"], [\"68\", \"1\", \"3\", \"\", \"\", \"1\", \"21102344989405\", \"okokok\", \"pkokko\", \"0000000000\", \"okokok\", \"\", \"\", \"\", \"\", \"\", \"\", \"0\", \"2021-10-23T16:57:09.000000Z\", \"2021-10-23T16:57:09.000000Z\"], [\"69\", \"1\", \"3\", \"\", \"\", \"1\", \"2110234498\", \"okokokok\", \"okokoko\", \"0000000000\", \"okokok\", \"\", \"\", \"\", \"\", \"\", \"\", \"0\", \"2021-10-23T16:57:42.000000Z\", \"2021-10-24T10:07:11.000000Z\"], [\"70\", \"1\", \"3\", \"\", \"\", \"1\", \"21102321415243\", \"fokofkok\", \"okoko\", \"0000000\", \"okok\", \"3\", \"\", \"\", \"\", \"\", \"\", \"999\", \"2021-10-23T17:01:56.000000Z\", \"2021-10-24T10:06:57.000000Z\"]]', '2021-10-24 11:21:22', '2021-10-24 11:21:22'),
(9, 'exportorder.csv', 0, '[[\"1\", \"1\", \"3\", \"5\", \"1\", \"5\", \"1\", \"Hicham\", \"Tanger\", \"4247945762\", \"Produit Physique\", \"3\", \"1\", \"\", \"\", \"\", \"\", \"100\", \"2021-10-22T09:33:31.000000Z\", \"2021-10-22T22:04:14.000000Z\"], [\"2\", \"1\", \"3\", \"5\", \"1\", \"5\", \"2\", \"Hicham\", \"Tanger\", \"7736835845\", \"Produit Physique\", \"2\", \"1\", \"\", \"\", \"\", \"\", \"22\", \"2021-10-22T09:33:31.000000Z\", \"2021-10-22T18:29:17.000000Z\"], [\"3\", \"1\", \"3\", \"5\", \"1\", \"5\", \"3\", \"Hicham\", \"Tanger\", \"6606451402\", \"Produit Physique\", \"8\", \"\", \"\", \"\", \"\", \"\", \"100\", \"2021-10-22T09:33:31.000000Z\", \"\"], [\"4\", \"1\", \"3\", \"5\", \"1\", \"5\", \"4\", \"Hicham\", \"Tanger\", \"1699927893\", \"Produit Physique\", \"5\", \"\", \"\", \"\", \"\", \"\", \"100\", \"2021-10-22T09:33:31.000000Z\", \"\"], [\"5\", \"1\", \"3\", \"5\", \"1\", \"5\", \"5\", \"Hicham\", \"Tanger\", \"9235253044\", \"Produit Physique 52\", \"5\", \"\", \"\", \"\", \"\", \"\", \"100\", \"2021-10-22T09:33:31.000000Z\", \"\"], [\"6\", \"1\", \"3\", \"1\", \"1\", \"5\", \"6\", \"Hicham\", \"Tanger\", \"7200458591\", \"Produit Physique 29\", \"5\", \"\", \"\", \"\", \"\", \"\", \"100\", \"2021-10-22T09:33:31.000000Z\", \"\"], [\"7\", \"1\", \"1\", \"1\", \"1\", \"5\", \"7\", \"Hicham\", \"Tanger\", \"4296680953\", \"Produit Physique 43\", \"3\", \"\", \"\", \"\", \"\", \"\", \"100\", \"2021-10-22T09:33:31.000000Z\", \"2021-10-22T22:04:14.000000Z\"], [\"8\", \"1\", \"1\", \"1\", \"1\", \"5\", \"8\", \"Hicham\", \"Tanger\", \"4692040568\", \"Produit Physique 43\", \"3\", \"\", \"\", \"\", \"\", \"\", \"99\", \"2021-10-22T09:33:31.000000Z\", \"2021-10-22T22:04:14.000000Z\"], [\"9\", \"1\", \"1\", \"1\", \"1\", \"5\", \"9\", \"Hicham\", \"Tanger\", \"1236487775\", \"Produit Physique 11\", \"6\", \"\", \"\", \"\", \"\", \"\", \"100\", \"2021-10-22T09:33:31.000000Z\", \"2021-10-22T23:42:24.000000Z\"], [\"10\", \"1\", \"1\", \"1\", \"1\", \"5\", \"10\", \"Hicham\", \"Tanger\", \"7265848726\", \"Produit Physique 22\", \"3\", \"\", \"\", \"\", \"\", \"\", \"720\", \"2021-10-22T09:33:31.000000Z\", \"2021-10-22T22:04:14.000000Z\"], [\"11\", \"1\", \"1\", \"1\", \"1\", \"5\", \"11\", \"Hicham\", \"Tanger\", \"6196804144\", \"Produit Physique 33\", \"3\", \"\", \"\", \"\", \"\", \"\", \"100\", \"2021-10-22T09:33:31.000000Z\", \"2021-10-22T22:04:14.000000Z\"], [\"12\", \"1\", \"1\", \"1\", \"1\", \"5\", \"12\", \"Hicham\", \"Tanger\", \"3182321238\", \"Produit Physique 55\", \"2\", \"\", \"\", \"\", \"\", \"\", \"320\", \"2021-10-22T09:33:31.000000Z\", \"2021-10-24T10:09:17.000000Z\"], [\"68\", \"1\", \"3\", \"\", \"\", \"1\", \"21102344989405\", \"okokok\", \"pkokko\", \"0000000000\", \"okokok\", \"\", \"\", \"\", \"\", \"\", \"\", \"0\", \"2021-10-23T16:57:09.000000Z\", \"2021-10-23T16:57:09.000000Z\"], [\"69\", \"1\", \"3\", \"\", \"\", \"1\", \"2110234498\", \"okokokok\", \"okokoko\", \"0000000000\", \"okokok\", \"\", \"\", \"\", \"\", \"\", \"\", \"0\", \"2021-10-23T16:57:42.000000Z\", \"2021-10-24T10:07:11.000000Z\"], [\"70\", \"1\", \"3\", \"\", \"\", \"1\", \"21102321415243\", \"fokofkok\", \"okoko\", \"0000000\", \"okok\", \"3\", \"\", \"\", \"\", \"\", \"\", \"999\", \"2021-10-23T17:01:56.000000Z\", \"2021-10-24T10:06:57.000000Z\"]]', '2021-10-24 11:21:28', '2021-10-24 11:21:28'),
(10, 'exportorder.csv', 0, '[[\"1\", \"1\", \"3\", \"5\", \"1\", \"5\", \"1\", \"Hicham\", \"Tanger\", \"4247945762\", \"Produit Physique\", \"3\", \"1\", \"\", \"\", \"\", \"\", \"100\", \"2021-10-22T09:33:31.000000Z\", \"2021-10-22T22:04:14.000000Z\"], [\"2\", \"1\", \"3\", \"5\", \"1\", \"5\", \"2\", \"Hicham\", \"Tanger\", \"7736835845\", \"Produit Physique\", \"2\", \"1\", \"\", \"\", \"\", \"\", \"22\", \"2021-10-22T09:33:31.000000Z\", \"2021-10-22T18:29:17.000000Z\"], [\"3\", \"1\", \"3\", \"5\", \"1\", \"5\", \"3\", \"Hicham\", \"Tanger\", \"6606451402\", \"Produit Physique\", \"8\", \"\", \"\", \"\", \"\", \"\", \"100\", \"2021-10-22T09:33:31.000000Z\", \"\"], [\"4\", \"1\", \"3\", \"5\", \"1\", \"5\", \"4\", \"Hicham\", \"Tanger\", \"1699927893\", \"Produit Physique\", \"5\", \"\", \"\", \"\", \"\", \"\", \"100\", \"2021-10-22T09:33:31.000000Z\", \"\"], [\"5\", \"1\", \"3\", \"5\", \"1\", \"5\", \"5\", \"Hicham\", \"Tanger\", \"9235253044\", \"Produit Physique 52\", \"5\", \"\", \"\", \"\", \"\", \"\", \"100\", \"2021-10-22T09:33:31.000000Z\", \"\"], [\"6\", \"1\", \"3\", \"1\", \"1\", \"5\", \"6\", \"Hicham\", \"Tanger\", \"7200458591\", \"Produit Physique 29\", \"5\", \"\", \"\", \"\", \"\", \"\", \"100\", \"2021-10-22T09:33:31.000000Z\", \"\"], [\"7\", \"1\", \"1\", \"1\", \"1\", \"5\", \"7\", \"Hicham\", \"Tanger\", \"4296680953\", \"Produit Physique 43\", \"3\", \"\", \"\", \"\", \"\", \"\", \"100\", \"2021-10-22T09:33:31.000000Z\", \"2021-10-22T22:04:14.000000Z\"], [\"8\", \"1\", \"1\", \"1\", \"1\", \"5\", \"8\", \"Hicham\", \"Tanger\", \"4692040568\", \"Produit Physique 43\", \"3\", \"\", \"\", \"\", \"\", \"\", \"99\", \"2021-10-22T09:33:31.000000Z\", \"2021-10-22T22:04:14.000000Z\"], [\"9\", \"1\", \"1\", \"1\", \"1\", \"5\", \"9\", \"Hicham\", \"Tanger\", \"1236487775\", \"Produit Physique 11\", \"6\", \"\", \"\", \"\", \"\", \"\", \"100\", \"2021-10-22T09:33:31.000000Z\", \"2021-10-22T23:42:24.000000Z\"], [\"10\", \"1\", \"1\", \"1\", \"1\", \"5\", \"10\", \"Hicham\", \"Tanger\", \"7265848726\", \"Produit Physique 22\", \"3\", \"\", \"\", \"\", \"\", \"\", \"720\", \"2021-10-22T09:33:31.000000Z\", \"2021-10-22T22:04:14.000000Z\"], [\"11\", \"1\", \"1\", \"1\", \"1\", \"5\", \"11\", \"Hicham\", \"Tanger\", \"6196804144\", \"Produit Physique 33\", \"3\", \"\", \"\", \"\", \"\", \"\", \"100\", \"2021-10-22T09:33:31.000000Z\", \"2021-10-22T22:04:14.000000Z\"], [\"12\", \"1\", \"1\", \"1\", \"1\", \"5\", \"12\", \"Hicham\", \"Tanger\", \"3182321238\", \"Produit Physique 55\", \"2\", \"\", \"\", \"\", \"\", \"\", \"320\", \"2021-10-22T09:33:31.000000Z\", \"2021-10-24T10:09:17.000000Z\"], [\"68\", \"1\", \"3\", \"\", \"\", \"1\", \"21102344989405\", \"okokok\", \"pkokko\", \"0000000000\", \"okokok\", \"\", \"\", \"\", \"\", \"\", \"\", \"0\", \"2021-10-23T16:57:09.000000Z\", \"2021-10-23T16:57:09.000000Z\"], [\"69\", \"1\", \"3\", \"\", \"\", \"1\", \"2110234498\", \"okokokok\", \"okokoko\", \"0000000000\", \"okokok\", \"\", \"\", \"\", \"\", \"\", \"\", \"0\", \"2021-10-23T16:57:42.000000Z\", \"2021-10-24T10:07:11.000000Z\"], [\"70\", \"1\", \"3\", \"\", \"\", \"1\", \"21102321415243\", \"fokofkok\", \"okoko\", \"0000000\", \"okok\", \"3\", \"\", \"\", \"\", \"\", \"\", \"999\", \"2021-10-23T17:01:56.000000Z\", \"2021-10-24T10:06:57.000000Z\"]]', '2021-10-24 11:22:17', '2021-10-24 11:22:17'),
(11, 'exportorder.csv', 0, '[[\"1\", \"1\", \"3\", \"5\", \"1\", \"5\", \"1\", \"Hicham\", \"Tanger\", \"4247945762\", \"Produit Physique\", \"3\", \"1\", \"\", \"\", \"\", \"\", \"100\", \"2021-10-22T09:33:31.000000Z\", \"2021-10-22T22:04:14.000000Z\"], [\"2\", \"1\", \"3\", \"5\", \"1\", \"5\", \"2\", \"Hicham\", \"Tanger\", \"7736835845\", \"Produit Physique\", \"2\", \"1\", \"\", \"\", \"\", \"\", \"22\", \"2021-10-22T09:33:31.000000Z\", \"2021-10-22T18:29:17.000000Z\"], [\"3\", \"1\", \"3\", \"5\", \"1\", \"5\", \"3\", \"Hicham\", \"Tanger\", \"6606451402\", \"Produit Physique\", \"8\", \"\", \"\", \"\", \"\", \"\", \"100\", \"2021-10-22T09:33:31.000000Z\", \"\"], [\"4\", \"1\", \"3\", \"5\", \"1\", \"5\", \"4\", \"Hicham\", \"Tanger\", \"1699927893\", \"Produit Physique\", \"5\", \"\", \"\", \"\", \"\", \"\", \"100\", \"2021-10-22T09:33:31.000000Z\", \"\"], [\"5\", \"1\", \"3\", \"5\", \"1\", \"5\", \"5\", \"Hicham\", \"Tanger\", \"9235253044\", \"Produit Physique 52\", \"5\", \"\", \"\", \"\", \"\", \"\", \"100\", \"2021-10-22T09:33:31.000000Z\", \"\"], [\"6\", \"1\", \"3\", \"1\", \"1\", \"5\", \"6\", \"Hicham\", \"Tanger\", \"7200458591\", \"Produit Physique 29\", \"5\", \"\", \"\", \"\", \"\", \"\", \"100\", \"2021-10-22T09:33:31.000000Z\", \"\"], [\"7\", \"1\", \"1\", \"1\", \"1\", \"5\", \"7\", \"Hicham\", \"Tanger\", \"4296680953\", \"Produit Physique 43\", \"3\", \"\", \"\", \"\", \"\", \"\", \"100\", \"2021-10-22T09:33:31.000000Z\", \"2021-10-22T22:04:14.000000Z\"], [\"8\", \"1\", \"1\", \"1\", \"1\", \"5\", \"8\", \"Hicham\", \"Tanger\", \"4692040568\", \"Produit Physique 43\", \"3\", \"\", \"\", \"\", \"\", \"\", \"99\", \"2021-10-22T09:33:31.000000Z\", \"2021-10-22T22:04:14.000000Z\"], [\"9\", \"1\", \"1\", \"1\", \"1\", \"5\", \"9\", \"Hicham\", \"Tanger\", \"1236487775\", \"Produit Physique 11\", \"6\", \"\", \"\", \"\", \"\", \"\", \"100\", \"2021-10-22T09:33:31.000000Z\", \"2021-10-22T23:42:24.000000Z\"], [\"10\", \"1\", \"1\", \"1\", \"1\", \"5\", \"10\", \"Hicham\", \"Tanger\", \"7265848726\", \"Produit Physique 22\", \"3\", \"\", \"\", \"\", \"\", \"\", \"720\", \"2021-10-22T09:33:31.000000Z\", \"2021-10-22T22:04:14.000000Z\"], [\"11\", \"1\", \"1\", \"1\", \"1\", \"5\", \"11\", \"Hicham\", \"Tanger\", \"6196804144\", \"Produit Physique 33\", \"3\", \"\", \"\", \"\", \"\", \"\", \"100\", \"2021-10-22T09:33:31.000000Z\", \"2021-10-22T22:04:14.000000Z\"], [\"12\", \"1\", \"1\", \"1\", \"1\", \"5\", \"12\", \"Hicham\", \"Tanger\", \"3182321238\", \"Produit Physique 55\", \"2\", \"\", \"\", \"\", \"\", \"\", \"320\", \"2021-10-22T09:33:31.000000Z\", \"2021-10-24T10:09:17.000000Z\"], [\"68\", \"1\", \"3\", \"\", \"\", \"1\", \"21102344989405\", \"okokok\", \"pkokko\", \"0000000000\", \"okokok\", \"\", \"\", \"\", \"\", \"\", \"\", \"0\", \"2021-10-23T16:57:09.000000Z\", \"2021-10-23T16:57:09.000000Z\"], [\"69\", \"1\", \"3\", \"\", \"\", \"1\", \"2110234498\", \"okokokok\", \"okokoko\", \"0000000000\", \"okokok\", \"\", \"\", \"\", \"\", \"\", \"\", \"0\", \"2021-10-23T16:57:42.000000Z\", \"2021-10-24T10:07:11.000000Z\"], [\"70\", \"1\", \"3\", \"\", \"\", \"1\", \"21102321415243\", \"fokofkok\", \"okoko\", \"0000000\", \"okok\", \"3\", \"\", \"\", \"\", \"\", \"\", \"999\", \"2021-10-23T17:01:56.000000Z\", \"2021-10-24T10:06:57.000000Z\"]]', '2021-10-24 11:24:01', '2021-10-24 11:24:01'),
(12, 'exportorder.csv', 0, '[[\"1\", \"1\", \"3\", \"5\", \"1\", \"5\", \"1\", \"Hicham\", \"Tanger\", \"4247945762\", \"Produit Physique\", \"3\", \"1\", \"\", \"\", \"\", \"\", \"100\", \"2021-10-22T09:33:31.000000Z\", \"2021-10-22T22:04:14.000000Z\"], [\"2\", \"1\", \"3\", \"5\", \"1\", \"5\", \"2\", \"Hicham\", \"Tanger\", \"7736835845\", \"Produit Physique\", \"2\", \"1\", \"\", \"\", \"\", \"\", \"22\", \"2021-10-22T09:33:31.000000Z\", \"2021-10-22T18:29:17.000000Z\"], [\"3\", \"1\", \"3\", \"5\", \"1\", \"5\", \"3\", \"Hicham\", \"Tanger\", \"6606451402\", \"Produit Physique\", \"8\", \"\", \"\", \"\", \"\", \"\", \"100\", \"2021-10-22T09:33:31.000000Z\", \"\"], [\"4\", \"1\", \"3\", \"5\", \"1\", \"5\", \"4\", \"Hicham\", \"Tanger\", \"1699927893\", \"Produit Physique\", \"5\", \"\", \"\", \"\", \"\", \"\", \"100\", \"2021-10-22T09:33:31.000000Z\", \"\"], [\"5\", \"1\", \"3\", \"5\", \"1\", \"5\", \"5\", \"Hicham\", \"Tanger\", \"9235253044\", \"Produit Physique 52\", \"5\", \"\", \"\", \"\", \"\", \"\", \"100\", \"2021-10-22T09:33:31.000000Z\", \"\"], [\"6\", \"1\", \"3\", \"1\", \"1\", \"5\", \"6\", \"Hicham\", \"Tanger\", \"7200458591\", \"Produit Physique 29\", \"5\", \"\", \"\", \"\", \"\", \"\", \"100\", \"2021-10-22T09:33:31.000000Z\", \"\"], [\"7\", \"1\", \"1\", \"1\", \"1\", \"5\", \"7\", \"Hicham\", \"Tanger\", \"4296680953\", \"Produit Physique 43\", \"3\", \"\", \"\", \"\", \"\", \"\", \"100\", \"2021-10-22T09:33:31.000000Z\", \"2021-10-22T22:04:14.000000Z\"], [\"8\", \"1\", \"1\", \"1\", \"1\", \"5\", \"8\", \"Hicham\", \"Tanger\", \"4692040568\", \"Produit Physique 43\", \"3\", \"\", \"\", \"\", \"\", \"\", \"99\", \"2021-10-22T09:33:31.000000Z\", \"2021-10-22T22:04:14.000000Z\"], [\"9\", \"1\", \"1\", \"1\", \"1\", \"5\", \"9\", \"Hicham\", \"Tanger\", \"1236487775\", \"Produit Physique 11\", \"6\", \"\", \"\", \"\", \"\", \"\", \"100\", \"2021-10-22T09:33:31.000000Z\", \"2021-10-22T23:42:24.000000Z\"], [\"10\", \"1\", \"1\", \"1\", \"1\", \"5\", \"10\", \"Hicham\", \"Tanger\", \"7265848726\", \"Produit Physique 22\", \"3\", \"\", \"\", \"\", \"\", \"\", \"720\", \"2021-10-22T09:33:31.000000Z\", \"2021-10-22T22:04:14.000000Z\"], [\"11\", \"1\", \"1\", \"1\", \"1\", \"5\", \"11\", \"Hicham\", \"Tanger\", \"6196804144\", \"Produit Physique 33\", \"3\", \"\", \"\", \"\", \"\", \"\", \"100\", \"2021-10-22T09:33:31.000000Z\", \"2021-10-22T22:04:14.000000Z\"], [\"12\", \"1\", \"1\", \"1\", \"1\", \"5\", \"12\", \"Hicham\", \"Tanger\", \"3182321238\", \"Produit Physique 55\", \"2\", \"\", \"\", \"\", \"\", \"\", \"320\", \"2021-10-22T09:33:31.000000Z\", \"2021-10-24T10:09:17.000000Z\"], [\"68\", \"1\", \"3\", \"\", \"\", \"1\", \"21102344989405\", \"okokok\", \"pkokko\", \"0000000000\", \"okokok\", \"\", \"\", \"\", \"\", \"\", \"\", \"0\", \"2021-10-23T16:57:09.000000Z\", \"2021-10-23T16:57:09.000000Z\"], [\"69\", \"1\", \"3\", \"\", \"\", \"1\", \"2110234498\", \"okokokok\", \"okokoko\", \"0000000000\", \"okokok\", \"\", \"\", \"\", \"\", \"\", \"\", \"0\", \"2021-10-23T16:57:42.000000Z\", \"2021-10-24T10:07:11.000000Z\"], [\"70\", \"1\", \"3\", \"\", \"\", \"1\", \"21102321415243\", \"fokofkok\", \"okoko\", \"0000000\", \"okok\", \"3\", \"\", \"\", \"\", \"\", \"\", \"999\", \"2021-10-23T17:01:56.000000Z\", \"2021-10-24T10:06:57.000000Z\"]]', '2021-10-24 11:24:10', '2021-10-24 11:24:10'),
(13, 'exportorder.csv', 0, '[[\"1;5;1;Hicham;Tanger;4247945762;Produit Physique;3;1;100\"]]', '2021-10-24 11:28:29', '2021-10-24 11:28:29'),
(14, 'exportorder.csv', 0, '[[\"1;5;1;Hicham;Tanger;4247945762;Produit Physique;3;1;100\"]]', '2021-10-24 11:28:57', '2021-10-24 11:28:57'),
(15, 'exportorder.csv', 0, '[[\"﻿1;5;1;Hicham;Tanger;4247945762;Produit Physique;3;1;100\"]]', '2021-10-24 11:29:39', '2021-10-24 11:29:39');

-- --------------------------------------------------------

--
-- Table structure for table `failed_jobs`
--

CREATE TABLE `failed_jobs` (
  `id` bigint(20) UNSIGNED NOT NULL,
  `uuid` varchar(191) COLLATE utf8mb4_unicode_ci NOT NULL,
  `connection` text COLLATE utf8mb4_unicode_ci NOT NULL,
  `queue` text COLLATE utf8mb4_unicode_ci NOT NULL,
  `payload` longtext COLLATE utf8mb4_unicode_ci NOT NULL,
  `exception` longtext COLLATE utf8mb4_unicode_ci NOT NULL,
  `failed_at` timestamp NOT NULL DEFAULT CURRENT_TIMESTAMP
) ENGINE=InnoDB DEFAULT CHARSET=utf8mb4 COLLATE=utf8mb4_unicode_ci;

-- --------------------------------------------------------

--
-- Table structure for table `languages`
--

CREATE TABLE `languages` (
  `id` int(10) UNSIGNED NOT NULL,
  `name` varchar(191) COLLATE utf8mb4_unicode_ci NOT NULL,
  `code` varchar(191) COLLATE utf8mb4_unicode_ci NOT NULL,
  `is_default` tinyint(1) NOT NULL DEFAULT '0',
  `is_active` tinyint(1) NOT NULL DEFAULT '1',
  `created_at` timestamp NULL DEFAULT NULL,
  `updated_at` timestamp NULL DEFAULT NULL
) ENGINE=InnoDB DEFAULT CHARSET=utf8mb4 COLLATE=utf8mb4_unicode_ci;

--
-- Dumping data for table `languages`
--

INSERT INTO `languages` (`id`, `name`, `code`, `is_default`, `is_active`, `created_at`, `updated_at`) VALUES
(1, 'English', 'en', 1, 1, NULL, '2021-10-29 14:33:55'),
(2, 'Franch', 'fr', 0, 1, NULL, '2021-10-29 14:33:53'),
(3, 'Arabic', 'ar', 0, 1, NULL, '2021-10-29 14:33:55');

-- --------------------------------------------------------

--
-- Table structure for table `migrations`
--

CREATE TABLE `migrations` (
  `id` int(10) UNSIGNED NOT NULL,
  `migration` varchar(191) COLLATE utf8mb4_unicode_ci NOT NULL,
  `batch` int(11) NOT NULL
) ENGINE=InnoDB DEFAULT CHARSET=utf8mb4 COLLATE=utf8mb4_unicode_ci;

--
-- Dumping data for table `migrations`
--

INSERT INTO `migrations` (`id`, `migration`, `batch`) VALUES
(1, '2014_10_12_000000_create_users_table', 1),
(2, '2014_10_12_100000_create_password_resets_table', 1),
(3, '2019_08_19_000000_create_failed_jobs_table', 1),
(4, '2021_01_16_163418_create_settings_table', 1),
(5, '2021_06_16_155056_create_permissions_table', 1),
(6, '2021_06_16_155232_create_roles_table', 1),
(7, '2021_06_16_155433_create_role_user_table', 1),
(8, '2021_06_17_151400_create_permission_role_table', 1),
(9, '2021_06_21_111527_create_routes_table', 1),
(10, '2021_06_21_113404_create_route_user_table', 1),
(11, '2021_06_22_155804_create_orders_table', 1),
(12, '2021_06_24_110600_create_comments_table', 1),
(13, '2021_07_04_000004_create_user_alerts_table', 1),
(14, '2021_07_04_000017_create_user_user_alert_pivot_table', 1),
(15, '2021_07_27_184354_create_products_table', 1),
(16, '2021_07_28_062845_create_order_product_table', 1),
(17, '2021_07_28_135855_create_stocks_table', 1),
(18, '2021_08_31_182900_create_posts_table', 1),
(19, '2021_09_24_113321_create_languages_table', 1),
(20, '2021_09_29_161312_create_payments_table', 1),
(21, '2021_10_17_170103_create_pages_table', 1),
(22, '2021_10_24_114357_create_contacts_table', 1),
(23, '2021_10_22_121205_create_notifications_table', 2),
(24, '2021_09_17_151911_csv_data', 3),
(25, '2021_10_29_172328_create_sms_gateways_table', 4),
(27, '2021_11_01_104131_create_sections_table', 5);

-- --------------------------------------------------------

--
-- Table structure for table `notifications`
--

CREATE TABLE `notifications` (
  `id` char(36) COLLATE utf8mb4_unicode_ci NOT NULL,
  `type` varchar(191) COLLATE utf8mb4_unicode_ci NOT NULL,
  `notifiable_type` varchar(191) COLLATE utf8mb4_unicode_ci NOT NULL,
  `notifiable_id` bigint(20) UNSIGNED NOT NULL,
  `data` text COLLATE utf8mb4_unicode_ci NOT NULL,
  `read_at` timestamp NULL DEFAULT NULL,
  `created_at` timestamp NULL DEFAULT NULL,
  `updated_at` timestamp NULL DEFAULT NULL
) ENGINE=InnoDB DEFAULT CHARSET=utf8mb4 COLLATE=utf8mb4_unicode_ci;

--
-- Dumping data for table `notifications`
--

INSERT INTO `notifications` (`id`, `type`, `notifiable_type`, `notifiable_id`, `data`, `read_at`, `created_at`, `updated_at`) VALUES
('174244a4-f748-4f28-98b0-e84c372b6259', 'App\\Notifications\\DataChangeEmailNotification', 'App\\Models\\User', 5, '{\"message\":\" New change in order # 5 Notify to Vendor 1 Order Status : 5,\"}', NULL, '2021-11-03 10:45:53', '2021-11-03 10:45:53'),
('2c4c18e2-3051-407f-8b7f-ad20abf222c5', 'App\\Notifications\\DataChangeEmailNotification', 'App\\Models\\User', 5, '{\"message\":\" New change in order # 5 Notify to Vendor 1 Order Status : 5,\"}', NULL, '2021-11-03 10:49:25', '2021-11-03 10:49:25'),
('348d564e-694b-460f-a25d-666ef300fb01', 'App\\Notifications\\DataChangeEmailNotification', 'App\\Models\\User', 5, '{\"message\":\" New change in order # 4 Notify to Vendor 1 Order Status : 2,\"}', NULL, '2021-11-03 12:03:02', '2021-11-03 12:03:02'),
('87b7fa04-9ec9-4348-9708-e3352d264596', 'App\\Notifications\\PaymentAddedNotification', 'App\\Models\\User', 1, '{\"message\":\"Your payment receipt for #21110318423958 has been received.\"}', NULL, '2021-11-03 21:05:04', '2021-11-03 21:05:04'),
('c1bdb201-2eb1-4de5-8c85-0d5405f4151d', 'App\\Notifications\\DataChangeEmailNotification', 'App\\Models\\User', 5, '{\"message\":\" New change in order # 4 Notify to Vendor 1 Order Status : 1,\"}', NULL, '2021-11-03 12:02:49', '2021-11-03 12:02:49'),
('c657c6b8-4d4e-4cbe-8ea1-0aadcc9d13fa', 'App\\Notifications\\PaymentAddedNotification', 'App\\Models\\User', 1, '{\"message\":\"Your payment receipt for #21110390369425 has been received.\"}', NULL, '2021-11-03 14:10:41', '2021-11-03 14:10:41'),
('c87e3b29-cba4-4e70-bc8c-8d971d9dfa7b', 'App\\Notifications\\DataChangeEmailNotification', 'App\\Models\\User', 5, '{\"message\":\" New change in order # 5 Notify to Vendor 1 Order Status : 5,\"}', NULL, '2021-11-03 10:46:04', '2021-11-03 10:46:04');

-- --------------------------------------------------------

--
-- Table structure for table `orders`
--

CREATE TABLE `orders` (
  `id` bigint(20) UNSIGNED NOT NULL,
  `admin_id` bigint(20) UNSIGNED DEFAULT NULL,
  `client_id` bigint(20) UNSIGNED DEFAULT NULL,
  `courier_id` bigint(20) UNSIGNED DEFAULT NULL,
  `agent_id` bigint(20) UNSIGNED DEFAULT NULL,
  `route_id` bigint(20) UNSIGNED DEFAULT NULL,
  `code` varchar(191) COLLATE utf8mb4_unicode_ci NOT NULL,
  `receiver_name` varchar(191) COLLATE utf8mb4_unicode_ci DEFAULT NULL,
  `receiver_address` varchar(191) COLLATE utf8mb4_unicode_ci DEFAULT NULL,
  `receiver_phone` varchar(191) COLLATE utf8mb4_unicode_ci DEFAULT NULL,
  `product_name` varchar(191) COLLATE utf8mb4_unicode_ci DEFAULT NULL,
  `status` int(11) NOT NULL DEFAULT '0',
  `payment_status` int(11) NOT NULL DEFAULT '0',
  `product_stock` int(11) NOT NULL DEFAULT '0',
  `box_open` int(11) NOT NULL DEFAULT '0',
  `fees` varchar(191) COLLATE utf8mb4_unicode_ci DEFAULT NULL,
  `insurance` varchar(191) COLLATE utf8mb4_unicode_ci DEFAULT NULL,
  `price` decimal(15,2) NOT NULL DEFAULT '0.00',
  `created_at` timestamp NULL DEFAULT NULL,
  `updated_at` timestamp NULL DEFAULT NULL
) ENGINE=InnoDB DEFAULT CHARSET=utf8mb4 COLLATE=utf8mb4_unicode_ci;

--
-- Dumping data for table `orders`
--

INSERT INTO `orders` (`id`, `admin_id`, `client_id`, `courier_id`, `agent_id`, `route_id`, `code`, `receiver_name`, `receiver_address`, `receiver_phone`, `product_name`, `status`, `payment_status`, `product_stock`, `box_open`, `fees`, `insurance`, `price`, `created_at`, `updated_at`) VALUES
(1, 1, 3, 5, 1, NULL, '1', 'Hicham', 'Tanger', '4247945762', 'Produit Physique', 3, 1, 0, 0, NULL, NULL, '100.00', '2021-07-12 09:33:31', '2021-10-24 21:02:13'),
(2, 1, 3, 5, 1, NULL, '2', 'Hicham', 'Tanger', '7736835845', 'Produit Physique', 2, 1, 0, 0, NULL, NULL, '22.00', '2021-06-07 09:33:31', '2021-10-22 18:29:17'),
(3, 1, 3, 5, 1, NULL, '3', 'Hicham Salon', 'Tanger', '0606451402', 'Produit Physique', 8, 1, 0, 0, NULL, NULL, '550.00', '2021-09-01 21:02:45', '2021-10-24 20:50:02'),
(4, 1, 3, 5, 1, 1, '4', 'Mohamed Amine', 'Tanger', '0699927893', 'Produit Physique', 2, 1, 0, 0, NULL, NULL, '1300.00', '2021-10-22 09:33:31', '2021-11-03 12:03:02'),
(5, 1, 3, 5, 1, 1, '5', 'Houda Karim', 'Tanger', '0623525304', 'Produit Physique 52', 8, 1, 0, 0, NULL, NULL, '99.00', '2021-10-22 09:33:31', '2021-11-03 21:05:04'),
(6, 1, 3, 1, 1, 1, '6', 'Hicham', 'Tanger', '7200458591', 'Produit Physique 29', 5, 0, 0, 0, NULL, NULL, '100.00', '2021-10-22 09:33:31', '2021-10-24 21:03:26'),
(7, 1, 4, 1, 1, 1, '7', 'Hicham', 'Tanger', '4296680953', 'Produit Physique 43', 3, 0, 0, 0, NULL, NULL, '100.00', '2021-10-04 09:33:31', '2021-10-22 22:04:14'),
(8, 1, 4, 1, 1, 1, '8', 'Hicham', 'Tanger', '4692040568', 'Produit Physique 43', 3, 0, 0, 0, NULL, NULL, '99.00', '2021-10-22 09:33:31', '2021-10-22 22:04:14'),
(9, 1, 4, 1, 1, 1, '9', 'Hicham', 'Tanger', '1236487775', 'Produit Physique 11', 6, 0, 0, 0, NULL, NULL, '100.00', '2021-10-01 09:33:31', '2021-10-22 23:42:24'),
(10, 1, 3, 1, 1, 1, '10', 'Hicham', 'Tanger', '7265848726', 'Produit Physique 22', 3, 0, 0, 0, NULL, NULL, '720.00', '2021-10-22 09:33:31', '2021-10-22 22:04:14'),
(11, 1, 3, 1, 1, 1, '11', 'Hicham', 'Tanger', '6196804144', 'Produit Physique 33', 3, 0, 0, 0, NULL, NULL, '100.00', '2021-10-22 09:33:31', '2021-10-22 22:04:14'),
(12, 1, 1, 1, 1, NULL, '12', 'Hicham', 'Tanger', '3182321238', 'Produit Physique 55', 2, 0, 0, 0, NULL, NULL, '320.00', '2021-08-01 09:33:31', '2021-10-24 10:09:17'),
(13, NULL, 3, 5, NULL, 1, '21110195824156', 'zakaria', 'bd , rue , casablanca , maroc', '0000000000', 'product x ', 1, 1, 0, 0, NULL, NULL, '110.00', '2021-11-01 21:15:31', '2021-11-03 14:10:41');

-- --------------------------------------------------------

--
-- Table structure for table `order_product`
--

CREATE TABLE `order_product` (
  `id` bigint(20) UNSIGNED NOT NULL,
  `order_id` bigint(20) UNSIGNED NOT NULL,
  `product_id` bigint(20) UNSIGNED NOT NULL,
  `price` int(11) NOT NULL,
  `quantity` int(11) NOT NULL
) ENGINE=InnoDB DEFAULT CHARSET=utf8mb4 COLLATE=utf8mb4_unicode_ci;

-- --------------------------------------------------------

--
-- Table structure for table `pages`
--

CREATE TABLE `pages` (
  `id` bigint(20) UNSIGNED NOT NULL,
  `title` text COLLATE utf8mb4_unicode_ci NOT NULL,
  `content` text COLLATE utf8mb4_unicode_ci NOT NULL,
  `image` varchar(191) COLLATE utf8mb4_unicode_ci DEFAULT NULL,
  `slug` varchar(191) COLLATE utf8mb4_unicode_ci DEFAULT NULL,
  `active` tinyint(1) NOT NULL DEFAULT '1',
  `seo_title` text COLLATE utf8mb4_unicode_ci,
  `seo_desc` text COLLATE utf8mb4_unicode_ci,
  `created_at` timestamp NULL DEFAULT NULL,
  `updated_at` timestamp NULL DEFAULT NULL
) ENGINE=InnoDB DEFAULT CHARSET=utf8mb4 COLLATE=utf8mb4_unicode_ci;

--
-- Dumping data for table `pages`
--

INSERT INTO `pages` (`id`, `title`, `content`, `image`, `slug`, `active`, `seo_title`, `seo_desc`, `created_at`, `updated_at`) VALUES
(1, 'yes yes', '<div><figure data-trix-attachment=\"{&quot;contentType&quot;:&quot;image/jpeg&quot;,&quot;filename&quot;:&quot;Captain-Jack.jpg&quot;,&quot;filesize&quot;:71993,&quot;height&quot;:640,&quot;href&quot;:&quot;http://localhost:8888/delivery-app/public/uploads/photos/Captain-Jack_1635268356.jpg&quot;,&quot;url&quot;:&quot;http://localhost:8888/delivery-app/public/uploads/photos/Captain-Jack_1635268356.jpg&quot;,&quot;width&quot;:960}\" data-trix-content-type=\"image/jpeg\" data-trix-attributes=\"{&quot;presentation&quot;:&quot;gallery&quot;}\" class=\"attachment attachment--preview attachment--jpg\"><a href=\"http://localhost:8888/delivery-app/public/uploads/photos/Captain-Jack_1635268356.jpg\"><img src=\"http://localhost:8888/delivery-app/public/uploads/photos/Captain-Jack_1635268356.jpg\" width=\"960\" height=\"640\"><figcaption class=\"attachment__caption\"><span class=\"attachment__name\">Captain-Jack.jpg</span> <span class=\"attachment__size\">70.31 KB</span></figcaption></a></figure></div>', 'FhgfgFD5m7UGpM8m86JmqKHbvNCFn1QNG4XbDiF8.jpg', 'yes-yes', 1, NULL, NULL, '2021-10-26 17:12:55', '2021-10-26 17:12:55');

-- --------------------------------------------------------

--
-- Table structure for table `password_resets`
--

CREATE TABLE `password_resets` (
  `email` varchar(191) COLLATE utf8mb4_unicode_ci NOT NULL,
  `token` varchar(191) COLLATE utf8mb4_unicode_ci NOT NULL,
  `created_at` timestamp NULL DEFAULT NULL
) ENGINE=InnoDB DEFAULT CHARSET=utf8mb4 COLLATE=utf8mb4_unicode_ci;

-- --------------------------------------------------------

--
-- Table structure for table `payments`
--

CREATE TABLE `payments` (
  `id` bigint(20) UNSIGNED NOT NULL,
  `order_id` bigint(20) UNSIGNED DEFAULT NULL,
  `code` varchar(191) COLLATE utf8mb4_unicode_ci NOT NULL,
  `client_id` bigint(255) DEFAULT NULL,
  `admin_amount` decimal(15,2) NOT NULL DEFAULT '0.00',
  `client_amount` decimal(15,2) NOT NULL DEFAULT '0.00',
  `courier_amount` decimal(15,2) NOT NULL DEFAULT '0.00',
  `method` varchar(191) COLLATE utf8mb4_unicode_ci DEFAULT NULL,
  `amount_received` int(11) DEFAULT NULL,
  `status` int(11) NOT NULL DEFAULT '0',
  `created_at` timestamp NULL DEFAULT NULL,
  `updated_at` timestamp NULL DEFAULT NULL
) ENGINE=InnoDB DEFAULT CHARSET=utf8mb4 COLLATE=utf8mb4_unicode_ci;

--
-- Dumping data for table `payments`
--

INSERT INTO `payments` (`id`, `order_id`, `code`, `client_id`, `admin_amount`, `client_amount`, `courier_amount`, `method`, `amount_received`, `status`, `created_at`, `updated_at`) VALUES
(1, 13, '21110344930783', 3, '15.00', '75.00', '20.00', 'cash', 110, 2, '2021-11-03 14:10:41', '2021-11-03 14:10:41'),
(2, 5, '21110378329747', 3, '15.00', '64.00', '20.00', NULL, 99, 2, '2021-11-03 21:05:04', '2021-11-03 21:05:04');

-- --------------------------------------------------------

--
-- Table structure for table `permissions`
--

CREATE TABLE `permissions` (
  `id` bigint(20) UNSIGNED NOT NULL,
  `title` varchar(191) COLLATE utf8mb4_unicode_ci NOT NULL,
  `created_at` timestamp NULL DEFAULT NULL,
  `updated_at` timestamp NULL DEFAULT NULL
) ENGINE=InnoDB DEFAULT CHARSET=utf8mb4 COLLATE=utf8mb4_unicode_ci;

--
-- Dumping data for table `permissions`
--

INSERT INTO `permissions` (`id`, `title`, `created_at`, `updated_at`) VALUES
(1, 'user_management_access', NULL, NULL),
(2, 'permission_create', NULL, NULL),
(3, 'permission_edit', NULL, NULL),
(4, 'permission_show', NULL, NULL),
(5, 'permission_delete', NULL, NULL),
(6, 'permission_access', NULL, NULL),
(7, 'role_create', NULL, NULL),
(8, 'role_edit', NULL, NULL),
(9, 'role_show', NULL, NULL),
(10, 'role_delete', NULL, NULL),
(11, 'role_access', NULL, NULL),
(12, 'user_create', NULL, NULL),
(13, 'user_edit', NULL, NULL),
(14, 'user_show', NULL, NULL),
(15, 'user_delete', NULL, NULL),
(16, 'user_access', NULL, NULL),
(17, 'route_management_access', NULL, NULL),
(18, 'client_order_management', NULL, NULL),
(19, 'admin_dashboard', NULL, NULL),
(20, 'client_dashboard', NULL, NULL),
(21, 'user_alert_show', NULL, NULL),
(22, 'user_alert_edit', NULL, NULL),
(23, 'user_alert_create', NULL, NULL),
(24, 'user_alert_access', NULL, NULL),
(25, 'admin_dashboard', NULL, NULL),
(26, 'settings_management', NULL, NULL),
(27, 'admin_stock_management', NULL, NULL),
(28, 'admin_payment_management', NULL, NULL),
(29, 'admin_order_management', NULL, NULL),
(30, 'client_product_management', NULL, NULL),
(31, 'admin_page_management', NULL, NULL),
(32, 'user_alert_delete', NULL, NULL),
(33, 'admin_order_delete', NULL, NULL);

-- --------------------------------------------------------

--
-- Table structure for table `permission_role`
--

CREATE TABLE `permission_role` (
  `id` bigint(20) UNSIGNED NOT NULL,
  `role_id` bigint(20) UNSIGNED NOT NULL,
  `permission_id` bigint(20) UNSIGNED NOT NULL,
  `created_at` timestamp NULL DEFAULT NULL,
  `updated_at` timestamp NULL DEFAULT NULL
) ENGINE=InnoDB DEFAULT CHARSET=utf8mb4 COLLATE=utf8mb4_unicode_ci;

--
-- Dumping data for table `permission_role`
--

INSERT INTO `permission_role` (`id`, `role_id`, `permission_id`, `created_at`, `updated_at`) VALUES
(1, 1, 1, NULL, NULL),
(2, 1, 2, NULL, NULL),
(3, 1, 3, NULL, NULL),
(4, 1, 4, NULL, NULL),
(5, 1, 5, NULL, NULL),
(6, 1, 6, NULL, NULL),
(7, 1, 7, NULL, NULL),
(8, 1, 8, NULL, NULL),
(9, 1, 9, NULL, NULL),
(10, 1, 10, NULL, NULL),
(11, 1, 11, NULL, NULL),
(12, 1, 12, NULL, NULL),
(13, 1, 13, NULL, NULL),
(14, 1, 14, NULL, NULL),
(15, 1, 15, NULL, NULL),
(16, 1, 16, NULL, NULL),
(17, 1, 17, NULL, NULL),
(18, 1, 19, NULL, NULL),
(19, 1, 21, NULL, NULL),
(20, 1, 22, NULL, NULL),
(21, 1, 23, NULL, NULL),
(22, 1, 24, NULL, NULL),
(23, 1, 25, NULL, NULL),
(24, 1, 26, NULL, NULL),
(25, 1, 27, NULL, NULL),
(26, 1, 28, NULL, NULL),
(27, 1, 29, NULL, NULL),
(28, 1, 31, NULL, NULL),
(29, 1, 32, NULL, NULL),
(30, 1, 33, NULL, NULL),
(31, 4, 1, NULL, NULL),
(32, 4, 2, NULL, NULL),
(33, 4, 3, NULL, NULL),
(34, 4, 4, NULL, NULL),
(35, 4, 5, NULL, NULL),
(36, 4, 6, NULL, NULL),
(37, 4, 7, NULL, NULL),
(38, 4, 8, NULL, NULL),
(39, 4, 9, NULL, NULL),
(40, 4, 10, NULL, NULL),
(41, 4, 11, NULL, NULL),
(42, 4, 12, NULL, NULL),
(43, 4, 13, NULL, NULL),
(44, 4, 14, NULL, NULL),
(45, 4, 15, NULL, NULL),
(46, 4, 16, NULL, NULL),
(47, 4, 17, NULL, NULL),
(48, 4, 19, NULL, NULL),
(49, 4, 21, NULL, NULL),
(50, 4, 22, NULL, NULL),
(51, 4, 23, NULL, NULL),
(52, 4, 24, NULL, NULL),
(53, 4, 25, NULL, NULL),
(54, 4, 26, NULL, NULL),
(55, 4, 27, NULL, NULL),
(56, 4, 28, NULL, NULL),
(57, 4, 29, NULL, NULL),
(58, 4, 31, NULL, NULL),
(59, 4, 32, NULL, NULL),
(60, 4, 33, NULL, NULL),
(61, 2, 18, NULL, NULL),
(62, 2, 20, NULL, NULL),
(63, 2, 30, NULL, NULL);

-- --------------------------------------------------------

--
-- Table structure for table `posts`
--

CREATE TABLE `posts` (
  `id` bigint(20) UNSIGNED NOT NULL,
  `title` varchar(191) COLLATE utf8mb4_unicode_ci NOT NULL,
  `body` text COLLATE utf8mb4_unicode_ci NOT NULL,
  `image` varchar(191) COLLATE utf8mb4_unicode_ci DEFAULT NULL,
  `slug` varchar(191) COLLATE utf8mb4_unicode_ci NOT NULL,
  `status` tinyint(1) NOT NULL DEFAULT '1',
  `featured` tinyint(1) NOT NULL DEFAULT '0',
  `seo_title` text COLLATE utf8mb4_unicode_ci,
  `seo_desc` text COLLATE utf8mb4_unicode_ci,
  `created_at` timestamp NULL DEFAULT NULL,
  `updated_at` timestamp NULL DEFAULT NULL
) ENGINE=InnoDB DEFAULT CHARSET=utf8mb4 COLLATE=utf8mb4_unicode_ci;

--
-- Dumping data for table `posts`
--

INSERT INTO `posts` (`id`, `title`, `body`, `image`, `slug`, `status`, `featured`, `seo_title`, `seo_desc`, `created_at`, `updated_at`) VALUES
(11, 'hip hop', 'fdsqf fdsqf dqfd sqf dsf qf sdf dqsfqs', NULL, 'hip-hop', 1, 0, NULL, NULL, '2021-10-26 17:10:55', '2021-10-27 14:07:32'),
(12, 'ok yes', '<div><figure data-trix-attachment=\"{&quot;contentType&quot;:&quot;image/jpeg&quot;,&quot;filename&quot;:&quot;Captain-Jack.jpg&quot;,&quot;filesize&quot;:71993,&quot;height&quot;:640,&quot;href&quot;:&quot;http://localhost:8888/delivery-app/public/uploads/photos/Captain-Jack_1635268299.jpg&quot;,&quot;url&quot;:&quot;http://localhost:8888/delivery-app/public/uploads/photos/Captain-Jack_1635268299.jpg&quot;,&quot;width&quot;:960}\" data-trix-content-type=\"image/jpeg\" data-trix-attributes=\"{&quot;presentation&quot;:&quot;gallery&quot;}\" class=\"attachment attachment--preview attachment--jpg\"><a href=\"http://localhost:8888/delivery-app/public/uploads/photos/Captain-Jack_1635268299.jpg\"><img src=\"http://localhost:8888/delivery-app/public/uploads/photos/Captain-Jack_1635268299.jpg\" width=\"960\" height=\"640\"><figcaption class=\"attachment__caption\"><span class=\"attachment__name\">Captain-Jack.jpg</span> <span class=\"attachment__size\">70.31 KB</span></figcaption></a></figure></div>', NULL, 'ok-yes', 1, 0, NULL, NULL, '2021-10-26 17:11:40', '2021-10-30 21:53:33');

-- --------------------------------------------------------

--
-- Table structure for table `products`
--

CREATE TABLE `products` (
  `id` bigint(20) UNSIGNED NOT NULL,
  `code` varchar(191) COLLATE utf8mb4_unicode_ci NOT NULL,
  `name` varchar(191) COLLATE utf8mb4_unicode_ci NOT NULL,
  `image` varchar(191) COLLATE utf8mb4_unicode_ci DEFAULT NULL,
  `price` decimal(10,0) NOT NULL,
  `description` text COLLATE utf8mb4_unicode_ci NOT NULL,
  `status` int(11) NOT NULL DEFAULT '0',
  `category` enum('default','sm','md','lg','xl') COLLATE utf8mb4_unicode_ci NOT NULL DEFAULT 'default',
  `fees` varchar(191) COLLATE utf8mb4_unicode_ci DEFAULT NULL,
  `client_id` bigint(20) UNSIGNED DEFAULT NULL,
  `admin_id` bigint(20) UNSIGNED DEFAULT NULL,
  `created_at` timestamp NULL DEFAULT NULL,
  `updated_at` timestamp NULL DEFAULT NULL
) ENGINE=InnoDB DEFAULT CHARSET=utf8mb4 COLLATE=utf8mb4_unicode_ci;

--
-- Dumping data for table `products`
--

INSERT INTO `products` (`id`, `code`, `name`, `image`, `price`, `description`, `status`, `category`, `fees`, `client_id`, `admin_id`, `created_at`, `updated_at`) VALUES
(1, '21102444754405', 'okokoko', NULL, '999', 'okok', 0, 'default', NULL, 3, NULL, '2021-10-24 18:06:01', '2021-10-24 18:06:01');

-- --------------------------------------------------------

--
-- Table structure for table `roles`
--

CREATE TABLE `roles` (
  `id` bigint(20) UNSIGNED NOT NULL,
  `title` varchar(191) COLLATE utf8mb4_unicode_ci DEFAULT NULL,
  `created_at` timestamp NULL DEFAULT NULL,
  `updated_at` timestamp NULL DEFAULT NULL
) ENGINE=InnoDB DEFAULT CHARSET=utf8mb4 COLLATE=utf8mb4_unicode_ci;

--
-- Dumping data for table `roles`
--

INSERT INTO `roles` (`id`, `title`, `created_at`, `updated_at`) VALUES
(1, 'ADMIN', NULL, NULL),
(2, 'CLIENT', NULL, NULL),
(3, 'COURIER', NULL, NULL),
(4, 'AGENT', NULL, NULL);

-- --------------------------------------------------------

--
-- Table structure for table `role_user`
--

CREATE TABLE `role_user` (
  `id` bigint(20) UNSIGNED NOT NULL,
  `role_id` bigint(20) UNSIGNED NOT NULL,
  `user_id` bigint(20) UNSIGNED NOT NULL,
  `created_at` timestamp NULL DEFAULT NULL,
  `updated_at` timestamp NULL DEFAULT NULL
) ENGINE=InnoDB DEFAULT CHARSET=utf8mb4 COLLATE=utf8mb4_unicode_ci;

--
-- Dumping data for table `role_user`
--

INSERT INTO `role_user` (`id`, `role_id`, `user_id`, `created_at`, `updated_at`) VALUES
(1, 1, 1, NULL, NULL),
(2, 1, 2, NULL, NULL),
(3, 2, 3, NULL, NULL),
(4, 2, 4, NULL, NULL),
(5, 3, 5, NULL, NULL),
(6, 3, 6, NULL, NULL),
(7, 4, 7, NULL, NULL);

-- --------------------------------------------------------

--
-- Table structure for table `routes`
--

CREATE TABLE `routes` (
  `id` bigint(20) UNSIGNED NOT NULL,
  `departure` varchar(191) COLLATE utf8mb4_unicode_ci NOT NULL,
  `arrival` varchar(191) COLLATE utf8mb4_unicode_ci NOT NULL,
  `created_at` timestamp NULL DEFAULT NULL,
  `updated_at` timestamp NULL DEFAULT NULL
) ENGINE=InnoDB DEFAULT CHARSET=utf8mb4 COLLATE=utf8mb4_unicode_ci;

--
-- Dumping data for table `routes`
--

INSERT INTO `routes` (`id`, `departure`, `arrival`, `created_at`, `updated_at`) VALUES
(1, 'Casablanca', 'Casablanca', NULL, NULL),
(2, 'Casablanca', 'Rabat', NULL, NULL),
(3, 'Casablanca', 'Tanger', NULL, NULL),
(4, 'Casablanca', 'Agadir', NULL, NULL);

-- --------------------------------------------------------

--
-- Table structure for table `route_user`
--

CREATE TABLE `route_user` (
  `id` bigint(20) UNSIGNED NOT NULL,
  `route_id` bigint(20) UNSIGNED NOT NULL,
  `user_id` bigint(20) UNSIGNED NOT NULL,
  `delivery` decimal(15,2) NOT NULL DEFAULT '0.00',
  `return` decimal(15,2) NOT NULL DEFAULT '0.00',
  `cancel` decimal(15,2) NOT NULL DEFAULT '0.00',
  `created_at` timestamp NULL DEFAULT NULL,
  `updated_at` timestamp NULL DEFAULT NULL
) ENGINE=InnoDB DEFAULT CHARSET=utf8mb4 COLLATE=utf8mb4_unicode_ci;

--
-- Dumping data for table `route_user`
--

INSERT INTO `route_user` (`id`, `route_id`, `user_id`, `delivery`, `return`, `cancel`, `created_at`, `updated_at`) VALUES
(25, 1, 3, '35.00', '0.00', '0.00', '2021-10-05 19:52:12', NULL),
(26, 2, 3, '45.00', '0.00', '0.00', '2021-10-12 19:52:23', NULL),
(27, 3, 3, '40.00', '0.00', '0.00', '2021-10-13 19:52:18', NULL),
(28, 4, 3, '45.00', '0.00', '0.00', '2021-10-05 19:52:15', NULL),
(31, 1, 1, '25.00', '0.00', '0.00', '2021-10-12 19:52:32', NULL),
(32, 2, 1, '25.00', '0.00', '0.00', '2021-10-13 19:52:36', NULL),
(33, 3, 1, '25.00', '0.00', '0.00', '2021-10-19 19:52:39', NULL),
(34, 4, 1, '25.00', '0.00', '0.00', '2021-10-12 19:52:34', NULL),
(37, 1, 5, '20.00', '0.00', '0.00', '2021-10-05 19:52:45', NULL),
(38, 2, 5, '20.00', '0.00', '0.00', '2021-10-20 19:52:51', NULL),
(39, 3, 5, '20.00', '0.00', '0.00', '2021-10-13 19:52:48', NULL),
(40, 4, 5, '20.00', '0.00', '0.00', '2021-10-12 19:52:53', NULL);

-- --------------------------------------------------------

--
-- Table structure for table `sections`
--

CREATE TABLE `sections` (
  `id` int(10) UNSIGNED NOT NULL,
  `title` varchar(191) COLLATE utf8mb4_unicode_ci NOT NULL,
  `image` varchar(191) COLLATE utf8mb4_unicode_ci DEFAULT NULL,
  `slogan` varchar(191) COLLATE utf8mb4_unicode_ci DEFAULT NULL,
  `label` varchar(191) COLLATE utf8mb4_unicode_ci DEFAULT NULL,
  `link` varchar(191) COLLATE utf8mb4_unicode_ci DEFAULT NULL,
  `description` varchar(191) COLLATE utf8mb4_unicode_ci DEFAULT NULL,
  `status` tinyint(1) NOT NULL DEFAULT '1',
  `bg_color` varchar(255) COLLATE utf8mb4_unicode_ci DEFAULT NULL,
  `position` enum('none','1','2','3','4') COLLATE utf8mb4_unicode_ci NOT NULL DEFAULT 'none',
  `created_at` timestamp NULL DEFAULT NULL,
  `updated_at` timestamp NULL DEFAULT NULL
) ENGINE=InnoDB DEFAULT CHARSET=utf8mb4 COLLATE=utf8mb4_unicode_ci;

--
-- Dumping data for table `sections`
--

INSERT INTO `sections` (`id`, `title`, `image`, `slogan`, `label`, `link`, `description`, `status`, `bg_color`, `position`, `created_at`, `updated_at`) VALUES
(1, 'Section 1', NULL, 'headline', 'click', '#', '<div>description&nbsp;</div>', 1, NULL, '1', '2021-11-02 20:56:04', '2021-11-02 20:56:04'),
(2, 'Section 2', NULL, 'headline', 'click', '#', '<div>description&nbsp;</div>', 1, '#def6f5', '2', '2021-11-02 20:56:04', '2021-11-02 22:02:51'),
(3, 'Section 3', NULL, 'headline', 'click', '#', '<div>description&nbsp;</div>', 1, '#d5d5d5', '3', '2021-11-02 20:56:04', '2021-11-02 22:02:21');

-- --------------------------------------------------------

--
-- Table structure for table `settings`
--

CREATE TABLE `settings` (
  `id` bigint(20) UNSIGNED NOT NULL,
  `key` varchar(191) COLLATE utf8mb4_unicode_ci NOT NULL,
  `value` text COLLATE utf8mb4_unicode_ci,
  `created_at` timestamp NULL DEFAULT NULL,
  `updated_at` timestamp NULL DEFAULT NULL
) ENGINE=InnoDB DEFAULT CHARSET=utf8mb4 COLLATE=utf8mb4_unicode_ci;

--
-- Dumping data for table `settings`
--

INSERT INTO `settings` (`id`, `key`, `value`, `created_at`, `updated_at`) VALUES
(1, 'company_name', 'SHIPAPP', '2021-10-22 09:27:03', '2021-11-02 13:04:52'),
(2, 'site_title', 'SHIPAPP', '2021-10-22 09:27:03', '2021-11-02 13:04:52'),
(3, 'company_email_address', 'admin@admin.com', '2021-10-22 09:27:03', '2021-10-22 09:27:03'),
(4, 'currency_code', 'MAD', '2021-10-22 09:27:03', '2021-10-22 09:27:03'),
(5, 'currency_symbol', 'DH', '2021-10-22 09:27:03', '2021-10-22 09:27:03'),
(6, 'site_logo', 'logo/9SgxtCPouX3Khxaca2GBazCsvaQuiqxyq70zZLSu.svg', '2021-10-22 09:27:03', '2021-11-02 13:04:31'),
(7, 'site_favicon', 'logo/rAv08yrnD8nJmEDRe0DmdQqBjKwQOyayOmFpZb7R.svg', '2021-10-22 09:27:03', '2021-11-02 13:04:37'),
(8, 'page_status', '1', '2021-10-22 09:27:03', '2021-10-22 09:27:03'),
(9, 'footer_copyright_text', 'All rights reseverd', '2021-10-22 09:27:03', '2021-10-30 20:03:29'),
(10, 'seo_meta_title', 'delivery management', '2021-10-22 09:27:03', '2021-10-22 09:27:03'),
(11, 'seo_meta_description', 'delivery management', '2021-10-22 09:27:03', '2021-10-22 09:27:03'),
(12, 'social_facebook', '#', '2021-10-22 09:27:03', '2021-10-22 09:27:03'),
(13, 'social_twitter', '#', '2021-10-22 09:27:03', '2021-10-22 09:27:03'),
(14, 'social_instagram', '#', '2021-10-22 09:27:03', '2021-10-22 09:27:03'),
(15, 'social_linkedin', '#', '2021-10-22 09:27:03', '2021-10-22 09:27:03'),
(16, 'head_tags', '', '2021-10-22 09:27:03', '2021-10-22 09:27:03'),
(17, 'body_tags', '', '2021-10-22 09:27:03', '2021-10-22 09:27:03'),
(18, 'orderTracking', '1', NULL, '2021-11-02 13:04:52'),
(19, 'enableSMS', '1', NULL, '2021-11-02 13:04:52'),
(20, 'company_phone', '+9999999999', NULL, '2021-10-30 19:00:35'),
(21, 'company_address', 'Street , City, Zip, Country', NULL, '2021-10-30 19:00:35'),
(22, 'enableRegistrationTerms', '1', NULL, '2021-11-02 13:04:52'),
(23, 'social_whatsapp', '212638041919', '2021-10-22 09:27:03', '2021-11-02 12:03:23');

-- --------------------------------------------------------

--
-- Table structure for table `sms_gateways`
--

CREATE TABLE `sms_gateways` (
  `id` bigint(20) UNSIGNED NOT NULL,
  `name` varchar(191) COLLATE utf8mb4_unicode_ci NOT NULL,
  `slug` varchar(191) COLLATE utf8mb4_unicode_ci DEFAULT NULL,
  `is_active` tinyint(1) NOT NULL DEFAULT '1',
  `created_at` timestamp NULL DEFAULT NULL,
  `updated_at` timestamp NULL DEFAULT NULL
) ENGINE=InnoDB DEFAULT CHARSET=utf8mb4 COLLATE=utf8mb4_unicode_ci;

--
-- Dumping data for table `sms_gateways`
--

INSERT INTO `sms_gateways` (`id`, `name`, `slug`, `is_active`, `created_at`, `updated_at`) VALUES
(1, 'Twilio', 'twilio', 1, '2021-08-20 13:25:02', '2021-08-20 13:25:02');

-- --------------------------------------------------------

--
-- Table structure for table `stocks`
--

CREATE TABLE `stocks` (
  `id` bigint(20) UNSIGNED NOT NULL,
  `client_id` bigint(20) UNSIGNED DEFAULT NULL,
  `product_id` bigint(20) UNSIGNED NOT NULL,
  `quantity` int(11) NOT NULL,
  `price` decimal(8,2) NOT NULL,
  `created_at` timestamp NULL DEFAULT NULL,
  `updated_at` timestamp NULL DEFAULT NULL
) ENGINE=InnoDB DEFAULT CHARSET=utf8mb4 COLLATE=utf8mb4_unicode_ci;

--
-- Dumping data for table `stocks`
--

INSERT INTO `stocks` (`id`, `client_id`, `product_id`, `quantity`, `price`, `created_at`, `updated_at`) VALUES
(1, 3, 1, 99, '99.00', '2021-10-24 18:06:35', '2021-10-24 18:06:35');

-- --------------------------------------------------------

--
-- Table structure for table `users`
--

CREATE TABLE `users` (
  `id` bigint(20) UNSIGNED NOT NULL,
  `name` varchar(191) COLLATE utf8mb4_unicode_ci NOT NULL,
  `email` varchar(191) COLLATE utf8mb4_unicode_ci NOT NULL,
  `phone` varchar(191) COLLATE utf8mb4_unicode_ci DEFAULT NULL,
  `company_name` text COLLATE utf8mb4_unicode_ci,
  `address` text COLLATE utf8mb4_unicode_ci,
  `bank_name` text COLLATE utf8mb4_unicode_ci,
  `rib_number` text COLLATE utf8mb4_unicode_ci,
  `status` int(11) NOT NULL DEFAULT '1',
  `email_verified_at` timestamp NULL DEFAULT NULL,
  `password` varchar(191) COLLATE utf8mb4_unicode_ci NOT NULL,
  `remember_token` varchar(100) COLLATE utf8mb4_unicode_ci DEFAULT NULL,
  `created_at` timestamp NULL DEFAULT NULL,
  `updated_at` timestamp NULL DEFAULT NULL
) ENGINE=InnoDB DEFAULT CHARSET=utf8mb4 COLLATE=utf8mb4_unicode_ci;

--
-- Dumping data for table `users`
--

INSERT INTO `users` (`id`, `name`, `email`, `phone`, `company_name`, `address`, `bank_name`, `rib_number`, `status`, `email_verified_at`, `password`, `remember_token`, `created_at`, `updated_at`) VALUES
(1, 'Admin 1', 'admin1@admin.com', '0600000000', 'KitKat', 'Casablanca , Morocco', NULL, NULL, 1, NULL, '$2y$10$rxOeHj2jN05S7CS23L3a9O..axMYGIIdaSwhTutJqsbomANhfghUa', NULL, '2021-10-05 09:40:39', NULL),
(2, 'Admin 2', 'admin2@admin.com', '0600000000', 'KitKat', 'Casablanca , Morocco', NULL, NULL, 1, NULL, '$2y$10$8738Eyv4ci.xk8VrzukbBO5n7OSI/9f18Yoh10jkIwDeNVnf27eZ.', NULL, '2021-10-04 23:00:00', NULL),
(3, 'Client 1', 'client1@vendor.com', '0600000000', 'KitKat', 'Casablanca , Morocco', NULL, NULL, 1, NULL, '$2y$10$zaf.QxYyPZ6VcaKQXCgzTOUa/WBOQ2zzidqZBNf/zL49yO7g/Z5Cm', NULL, '2021-10-11 09:40:42', NULL),
(4, 'Client 2', 'client2@vendor.com', '0600000000', 'KitKat', 'Casablanca , Morocco', NULL, NULL, 1, NULL, '$2y$10$XWtiGR7v7EKiklVZ1Im1P.vg7xKipdioobP7KRIEghUMrOCC9R47y', NULL, '2021-10-12 09:40:52', NULL),
(5, 'Vendor 1', 'courier1@client.com', '0600000000', 'KitKat', 'Casablanca , Morocco', NULL, NULL, 1, NULL, '$2y$10$lmeBA.bVjfLoTbA7HhcDruzDCZeeYyjRoeKZ8qaR3U6GkPQHuSD5y', NULL, '2021-10-05 09:40:49', NULL),
(6, 'Vendor 2', 'courier2@client.com', '0600000000', 'KitKat', 'Casablanca , Morocco', NULL, NULL, 1, NULL, '$2y$10$2.uXRTUDmzX4zSNWQUFPEuby5WynWV5JsiiI463u.AEotNhZK6Uwy', NULL, '2021-10-12 09:40:55', NULL),
(7, 'Agent', 'agent1@agent.com', '0600000000', 'KitKat', 'Casablanca , Morocco', NULL, NULL, 1, NULL, '$2y$10$OhZOYwURTymM63mr/JUFr.MNVfVSssRCWD8zdpRnGYeCRHUmbKnOe', NULL, '2021-10-04 09:41:00', NULL),
(9, 'zakaria', 'zakarialabib@gmail.com', '0000000000', 'hotech', 'bd casablanca', NULL, NULL, 0, NULL, '$2y$10$zFaG.wWh2pDlhgX.kDRZ4uxNX6FVn9hL4v.iyEvvtWpm7f/nFjJnm', NULL, '2021-10-25 16:28:50', '2021-10-30 21:42:27');

-- --------------------------------------------------------

--
-- Table structure for table `user_alerts`
--

CREATE TABLE `user_alerts` (
  `id` bigint(20) UNSIGNED NOT NULL,
  `message` varchar(191) COLLATE utf8mb4_unicode_ci NOT NULL,
  `created_at` timestamp NULL DEFAULT NULL,
  `updated_at` timestamp NULL DEFAULT NULL,
  `deleted_at` timestamp NULL DEFAULT NULL
) ENGINE=InnoDB DEFAULT CHARSET=utf8mb4 COLLATE=utf8mb4_unicode_ci;

--
-- Dumping data for table `user_alerts`
--

INSERT INTO `user_alerts` (`id`, `message`, `created_at`, `updated_at`, `deleted_at`) VALUES
(1, 'hello', '2021-10-23 17:20:57', '2021-10-23 17:20:57', NULL);

-- --------------------------------------------------------

--
-- Table structure for table `user_user_alert`
--

CREATE TABLE `user_user_alert` (
  `user_alert_id` bigint(20) UNSIGNED NOT NULL,
  `user_id` bigint(20) UNSIGNED NOT NULL,
  `seen_at` timestamp NULL DEFAULT NULL
) ENGINE=InnoDB DEFAULT CHARSET=utf8mb4 COLLATE=utf8mb4_unicode_ci;

--
-- Dumping data for table `user_user_alert`
--

INSERT INTO `user_user_alert` (`user_alert_id`, `user_id`, `seen_at`) VALUES
(1, 1, NULL);

--
-- Indexes for dumped tables
--

--
-- Indexes for table `comments`
--
ALTER TABLE `comments`
  ADD PRIMARY KEY (`id`),
  ADD KEY `comments_order_id_foreign` (`order_id`),
  ADD KEY `comments_user_id_foreign` (`user_id`);

--
-- Indexes for table `contacts`
--
ALTER TABLE `contacts`
  ADD PRIMARY KEY (`id`);

--
-- Indexes for table `csv_data`
--
ALTER TABLE `csv_data`
  ADD PRIMARY KEY (`id`);

--
-- Indexes for table `failed_jobs`
--
ALTER TABLE `failed_jobs`
  ADD PRIMARY KEY (`id`),
  ADD UNIQUE KEY `failed_jobs_uuid_unique` (`uuid`);

--
-- Indexes for table `languages`
--
ALTER TABLE `languages`
  ADD PRIMARY KEY (`id`);

--
-- Indexes for table `migrations`
--
ALTER TABLE `migrations`
  ADD PRIMARY KEY (`id`);

--
-- Indexes for table `notifications`
--
ALTER TABLE `notifications`
  ADD PRIMARY KEY (`id`),
  ADD KEY `notifications_notifiable_type_notifiable_id_index` (`notifiable_type`,`notifiable_id`);

--
-- Indexes for table `orders`
--
ALTER TABLE `orders`
  ADD PRIMARY KEY (`id`),
  ADD UNIQUE KEY `orders_code_unique` (`code`),
  ADD KEY `orders_admin_id_foreign` (`admin_id`),
  ADD KEY `orders_client_id_foreign` (`client_id`),
  ADD KEY `orders_courier_id_foreign` (`courier_id`),
  ADD KEY `orders_agent_id_foreign` (`agent_id`),
  ADD KEY `orders_route_id_foreign` (`route_id`);

--
-- Indexes for table `order_product`
--
ALTER TABLE `order_product`
  ADD PRIMARY KEY (`id`),
  ADD KEY `order_product_order_id_foreign` (`order_id`),
  ADD KEY `order_product_product_id_foreign` (`product_id`);

--
-- Indexes for table `pages`
--
ALTER TABLE `pages`
  ADD PRIMARY KEY (`id`),
  ADD UNIQUE KEY `pages_slug_unique` (`slug`);

--
-- Indexes for table `password_resets`
--
ALTER TABLE `password_resets`
  ADD KEY `password_resets_email_index` (`email`);

--
-- Indexes for table `payments`
--
ALTER TABLE `payments`
  ADD PRIMARY KEY (`id`),
  ADD UNIQUE KEY `payments_code_unique` (`code`),
  ADD KEY `payments_order_id_foreign` (`order_id`);

--
-- Indexes for table `permissions`
--
ALTER TABLE `permissions`
  ADD PRIMARY KEY (`id`);

--
-- Indexes for table `permission_role`
--
ALTER TABLE `permission_role`
  ADD PRIMARY KEY (`id`),
  ADD KEY `permission_role_role_id_foreign` (`role_id`),
  ADD KEY `permission_role_permission_id_foreign` (`permission_id`);

--
-- Indexes for table `posts`
--
ALTER TABLE `posts`
  ADD PRIMARY KEY (`id`),
  ADD UNIQUE KEY `posts_slug_unique` (`slug`);

--
-- Indexes for table `products`
--
ALTER TABLE `products`
  ADD PRIMARY KEY (`id`),
  ADD UNIQUE KEY `products_code_unique` (`code`),
  ADD KEY `products_client_id_foreign` (`client_id`),
  ADD KEY `products_admin_id_foreign` (`admin_id`);

--
-- Indexes for table `roles`
--
ALTER TABLE `roles`
  ADD PRIMARY KEY (`id`);

--
-- Indexes for table `role_user`
--
ALTER TABLE `role_user`
  ADD PRIMARY KEY (`id`),
  ADD KEY `role_user_role_id_foreign` (`role_id`),
  ADD KEY `role_user_user_id_foreign` (`user_id`);

--
-- Indexes for table `routes`
--
ALTER TABLE `routes`
  ADD PRIMARY KEY (`id`);

--
-- Indexes for table `route_user`
--
ALTER TABLE `route_user`
  ADD PRIMARY KEY (`id`),
  ADD KEY `route_user_route_id_foreign` (`route_id`),
  ADD KEY `route_user_user_id_foreign` (`user_id`);

--
-- Indexes for table `sections`
--
ALTER TABLE `sections`
  ADD PRIMARY KEY (`id`);

--
-- Indexes for table `settings`
--
ALTER TABLE `settings`
  ADD PRIMARY KEY (`id`),
  ADD UNIQUE KEY `settings_key_unique` (`key`);

--
-- Indexes for table `sms_gateways`
--
ALTER TABLE `sms_gateways`
  ADD PRIMARY KEY (`id`);

--
-- Indexes for table `stocks`
--
ALTER TABLE `stocks`
  ADD PRIMARY KEY (`id`),
  ADD KEY `stocks_client_id_foreign` (`client_id`),
  ADD KEY `stocks_product_id_foreign` (`product_id`);

--
-- Indexes for table `users`
--
ALTER TABLE `users`
  ADD PRIMARY KEY (`id`),
  ADD UNIQUE KEY `users_email_unique` (`email`);

--
-- Indexes for table `user_alerts`
--
ALTER TABLE `user_alerts`
  ADD PRIMARY KEY (`id`);

--
-- Indexes for table `user_user_alert`
--
ALTER TABLE `user_user_alert`
  ADD KEY `user_alert_id_fk_4313631` (`user_alert_id`),
  ADD KEY `user_id_fk_4313631` (`user_id`);

--
-- AUTO_INCREMENT for dumped tables
--

--
-- AUTO_INCREMENT for table `comments`
--
ALTER TABLE `comments`
  MODIFY `id` bigint(20) UNSIGNED NOT NULL AUTO_INCREMENT;

--
-- AUTO_INCREMENT for table `contacts`
--
ALTER TABLE `contacts`
  MODIFY `id` bigint(20) UNSIGNED NOT NULL AUTO_INCREMENT;

--
-- AUTO_INCREMENT for table `csv_data`
--
ALTER TABLE `csv_data`
  MODIFY `id` bigint(20) UNSIGNED NOT NULL AUTO_INCREMENT, AUTO_INCREMENT=16;

--
-- AUTO_INCREMENT for table `failed_jobs`
--
ALTER TABLE `failed_jobs`
  MODIFY `id` bigint(20) UNSIGNED NOT NULL AUTO_INCREMENT;

--
-- AUTO_INCREMENT for table `languages`
--
ALTER TABLE `languages`
  MODIFY `id` int(10) UNSIGNED NOT NULL AUTO_INCREMENT, AUTO_INCREMENT=4;

--
-- AUTO_INCREMENT for table `migrations`
--
ALTER TABLE `migrations`
  MODIFY `id` int(10) UNSIGNED NOT NULL AUTO_INCREMENT, AUTO_INCREMENT=28;

--
-- AUTO_INCREMENT for table `orders`
--
ALTER TABLE `orders`
  MODIFY `id` bigint(20) UNSIGNED NOT NULL AUTO_INCREMENT, AUTO_INCREMENT=14;

--
-- AUTO_INCREMENT for table `order_product`
--
ALTER TABLE `order_product`
  MODIFY `id` bigint(20) UNSIGNED NOT NULL AUTO_INCREMENT;

--
-- AUTO_INCREMENT for table `pages`
--
ALTER TABLE `pages`
  MODIFY `id` bigint(20) UNSIGNED NOT NULL AUTO_INCREMENT, AUTO_INCREMENT=2;

--
-- AUTO_INCREMENT for table `payments`
--
ALTER TABLE `payments`
  MODIFY `id` bigint(20) UNSIGNED NOT NULL AUTO_INCREMENT, AUTO_INCREMENT=3;

--
-- AUTO_INCREMENT for table `permissions`
--
ALTER TABLE `permissions`
  MODIFY `id` bigint(20) UNSIGNED NOT NULL AUTO_INCREMENT, AUTO_INCREMENT=34;

--
-- AUTO_INCREMENT for table `permission_role`
--
ALTER TABLE `permission_role`
  MODIFY `id` bigint(20) UNSIGNED NOT NULL AUTO_INCREMENT, AUTO_INCREMENT=64;

--
-- AUTO_INCREMENT for table `posts`
--
ALTER TABLE `posts`
  MODIFY `id` bigint(20) UNSIGNED NOT NULL AUTO_INCREMENT, AUTO_INCREMENT=13;

--
-- AUTO_INCREMENT for table `products`
--
ALTER TABLE `products`
  MODIFY `id` bigint(20) UNSIGNED NOT NULL AUTO_INCREMENT, AUTO_INCREMENT=2;

--
-- AUTO_INCREMENT for table `roles`
--
ALTER TABLE `roles`
  MODIFY `id` bigint(20) UNSIGNED NOT NULL AUTO_INCREMENT, AUTO_INCREMENT=5;

--
-- AUTO_INCREMENT for table `role_user`
--
ALTER TABLE `role_user`
  MODIFY `id` bigint(20) UNSIGNED NOT NULL AUTO_INCREMENT, AUTO_INCREMENT=8;

--
-- AUTO_INCREMENT for table `routes`
--
ALTER TABLE `routes`
  MODIFY `id` bigint(20) UNSIGNED NOT NULL AUTO_INCREMENT, AUTO_INCREMENT=5;

--
-- AUTO_INCREMENT for table `route_user`
--
ALTER TABLE `route_user`
  MODIFY `id` bigint(20) UNSIGNED NOT NULL AUTO_INCREMENT, AUTO_INCREMENT=41;

--
-- AUTO_INCREMENT for table `sections`
--
ALTER TABLE `sections`
  MODIFY `id` int(10) UNSIGNED NOT NULL AUTO_INCREMENT, AUTO_INCREMENT=4;

--
-- AUTO_INCREMENT for table `settings`
--
ALTER TABLE `settings`
  MODIFY `id` bigint(20) UNSIGNED NOT NULL AUTO_INCREMENT, AUTO_INCREMENT=24;

--
-- AUTO_INCREMENT for table `sms_gateways`
--
ALTER TABLE `sms_gateways`
  MODIFY `id` bigint(20) UNSIGNED NOT NULL AUTO_INCREMENT, AUTO_INCREMENT=2;

--
-- AUTO_INCREMENT for table `stocks`
--
ALTER TABLE `stocks`
  MODIFY `id` bigint(20) UNSIGNED NOT NULL AUTO_INCREMENT, AUTO_INCREMENT=2;

--
-- AUTO_INCREMENT for table `users`
--
ALTER TABLE `users`
  MODIFY `id` bigint(20) UNSIGNED NOT NULL AUTO_INCREMENT, AUTO_INCREMENT=10;

--
-- AUTO_INCREMENT for table `user_alerts`
--
ALTER TABLE `user_alerts`
  MODIFY `id` bigint(20) UNSIGNED NOT NULL AUTO_INCREMENT, AUTO_INCREMENT=2;

--
-- Constraints for dumped tables
--

--
-- Constraints for table `comments`
--
ALTER TABLE `comments`
  ADD CONSTRAINT `comments_order_id_foreign` FOREIGN KEY (`order_id`) REFERENCES `orders` (`id`) ON DELETE CASCADE ON UPDATE CASCADE,
  ADD CONSTRAINT `comments_user_id_foreign` FOREIGN KEY (`user_id`) REFERENCES `users` (`id`) ON DELETE CASCADE ON UPDATE CASCADE;

--
-- Constraints for table `orders`
--
ALTER TABLE `orders`
  ADD CONSTRAINT `orders_admin_id_foreign` FOREIGN KEY (`admin_id`) REFERENCES `users` (`id`) ON DELETE SET NULL,
  ADD CONSTRAINT `orders_agent_id_foreign` FOREIGN KEY (`agent_id`) REFERENCES `users` (`id`) ON DELETE SET NULL,
  ADD CONSTRAINT `orders_client_id_foreign` FOREIGN KEY (`client_id`) REFERENCES `users` (`id`) ON DELETE SET NULL,
  ADD CONSTRAINT `orders_courier_id_foreign` FOREIGN KEY (`courier_id`) REFERENCES `users` (`id`) ON DELETE SET NULL,
  ADD CONSTRAINT `orders_route_id_foreign` FOREIGN KEY (`route_id`) REFERENCES `routes` (`id`) ON DELETE SET NULL;

--
-- Constraints for table `order_product`
--
ALTER TABLE `order_product`
  ADD CONSTRAINT `order_product_order_id_foreign` FOREIGN KEY (`order_id`) REFERENCES `orders` (`id`) ON DELETE CASCADE,
  ADD CONSTRAINT `order_product_product_id_foreign` FOREIGN KEY (`product_id`) REFERENCES `products` (`id`) ON DELETE CASCADE;

--
-- Constraints for table `payments`
--
ALTER TABLE `payments`
  ADD CONSTRAINT `payments_order_id_foreign` FOREIGN KEY (`order_id`) REFERENCES `orders` (`id`) ON DELETE SET NULL;

--
-- Constraints for table `permission_role`
--
ALTER TABLE `permission_role`
  ADD CONSTRAINT `permission_role_permission_id_foreign` FOREIGN KEY (`permission_id`) REFERENCES `permissions` (`id`) ON DELETE CASCADE,
  ADD CONSTRAINT `permission_role_role_id_foreign` FOREIGN KEY (`role_id`) REFERENCES `roles` (`id`) ON DELETE CASCADE;

--
-- Constraints for table `products`
--
ALTER TABLE `products`
  ADD CONSTRAINT `products_admin_id_foreign` FOREIGN KEY (`admin_id`) REFERENCES `users` (`id`) ON DELETE SET NULL,
  ADD CONSTRAINT `products_client_id_foreign` FOREIGN KEY (`client_id`) REFERENCES `users` (`id`) ON DELETE SET NULL;

--
-- Constraints for table `role_user`
--
ALTER TABLE `role_user`
  ADD CONSTRAINT `role_user_role_id_foreign` FOREIGN KEY (`role_id`) REFERENCES `roles` (`id`) ON DELETE CASCADE,
  ADD CONSTRAINT `role_user_user_id_foreign` FOREIGN KEY (`user_id`) REFERENCES `users` (`id`) ON DELETE CASCADE;

--
-- Constraints for table `route_user`
--
ALTER TABLE `route_user`
  ADD CONSTRAINT `route_user_route_id_foreign` FOREIGN KEY (`route_id`) REFERENCES `routes` (`id`) ON DELETE CASCADE,
  ADD CONSTRAINT `route_user_user_id_foreign` FOREIGN KEY (`user_id`) REFERENCES `users` (`id`) ON DELETE CASCADE;

--
-- Constraints for table `stocks`
--
ALTER TABLE `stocks`
  ADD CONSTRAINT `stocks_client_id_foreign` FOREIGN KEY (`client_id`) REFERENCES `users` (`id`) ON DELETE SET NULL ON UPDATE CASCADE,
  ADD CONSTRAINT `stocks_product_id_foreign` FOREIGN KEY (`product_id`) REFERENCES `products` (`id`) ON DELETE CASCADE ON UPDATE CASCADE;

--
-- Constraints for table `user_user_alert`
--
ALTER TABLE `user_user_alert`
  ADD CONSTRAINT `user_alert_id_fk_4313631` FOREIGN KEY (`user_alert_id`) REFERENCES `user_alerts` (`id`) ON DELETE CASCADE,
  ADD CONSTRAINT `user_id_fk_4313631` FOREIGN KEY (`user_id`) REFERENCES `users` (`id`) ON DELETE CASCADE;
